Phylum,Class,Order,Family,Genus,Taxa,Rhythmicity,d,perc_prev,mean_abRel
Actinobacteria,Actinobacteria,Actinomycetales,Actinomycetaceae,Actinomyces,Actinomyces_graevenitzii,no-data,0.717764420897505,6.64854693706879,0.000998233141405696
Actinobacteria,Actinobacteria,Actinomycetales,Actinomycetaceae,Actinomyces,Actinomyces_johnsonii,lessabundant,1.55838194820038,1.69349780472507,0.000211586538461538
Actinobacteria,Actinobacteria,Actinomycetales,Actinomycetaceae,Actinomyces,Actinomyces_massiliensis,no-data,5.18692350699349,1.65168304411457,0.000118735367892977
Actinobacteria,Actinobacteria,Actinomycetales,Actinomycetaceae,Actinomyces,Actinomyces_naeslundii,no-data,1.41528188254719,6.27221409157433,0.000846546996934225
Actinobacteria,Actinobacteria,Actinomycetales,Actinomycetaceae,Actinomyces,Actinomyces_oris,no-data,1.39307411660144,14.3424628894,0.00242106762123745
Actinobacteria,Actinobacteria,Actinomycetales,Actinomycetaceae,Actinomyces,Actinomyces_radicidentis,no-data,1.90598443318484,0.125444281831487,3.13566053511706E-05
Actinobacteria,Actinobacteria,Actinomycetales,Actinomycetaceae,Actinomyces,Actinomyces_viscosus,no-data,1.41149489821865,0.982646874346644,5.73244147157191E-05
Actinobacteria,Actinobacteria,Actinomycetales,Actinomycetaceae,Actinotignum,Actinotignum_schaalii,no-data,1.79399882765367,0.0418147606104955,2.10493311036789E-06
Actinobacteria,Actinobacteria,Actinomycetales,Actinomycetaceae,Actinotignum,Actinotignum_timonense,no-data,1.75047374345196,0.0627221409157433,0.000314607023411371
Actinobacteria,Actinobacteria,Actinomycetales,Actinomycetaceae,Arcanobacterium,Arcanobacterium_haemolyticum,no-data,0.634804093017206,0.0209073803052478,1.58653846153846E-06
Actinobacteria,Actinobacteria,Actinomycetales,Actinomycetaceae,Mobiluncus,Mobiluncus_curtisii,no-data,3.13381624905423,0.083629521220991,2.3003762541806E-05
Actinobacteria,Actinobacteria,Actinomycetales,Actinomycetaceae,Trueperella,Trueperella_bernardiae,no-data,2.08365507612905,0.0418147606104955,3.68102006688963E-06
Actinobacteria,Actinobacteria,Actinomycetales,Actinomycetaceae,Varibaculum,Varibaculum_cambriense,no-data,4.28637537205881,0.773573071294167,0.000233589046822742
Actinobacteria,Actinobacteria,Bifidobacteriales,Bifidobacteriaceae,Aeriscardovia,Aeriscardovia_aeriphila,no-data,0.661338763754894,26.9914279740748,0.00330611374449825
Actinobacteria,Actinobacteria,Bifidobacteriales,Bifidobacteriaceae,Alloscardovia,Alloscardovia_omnicolens,no-data,0.44871829892286,2.86431110181894,0.000759935374860646
Actinobacteria,Actinobacteria,Bifidobacteriales,Bifidobacteriaceae,Bifidobacterium,Bifidobacterium_adolescentis,next-ab,1.04373477337452,76.1655864520176,3.75635846038396
Actinobacteria,Actinobacteria,Bifidobacteriales,Bifidobacteriaceae,Bifidobacterium,Bifidobacterium_angulatum,no-data,0.896854406751163,9.93100564499268,0.194062295673077
Actinobacteria,Actinobacteria,Bifidobacteriales,Bifidobacteriaceae,Bifidobacterium,Bifidobacterium_animalis,no-data,1.37924451229799,18.1266987246498,0.117935594446767
Actinobacteria,Actinobacteria,Bifidobacteriales,Bifidobacteriaceae,Bifidobacterium,Bifidobacterium_bifidum,no-data,2.08773348614301,29.6257578925361,0.466093569937988
Actinobacteria,Actinobacteria,Bifidobacteriales,Bifidobacteriaceae,Bifidobacterium,Bifidobacterium_breve,no-data,1.13838512040007,2.90612586242944,0.0110233726309922
Actinobacteria,Actinobacteria,Bifidobacteriales,Bifidobacteriaceae,Bifidobacterium,Bifidobacterium_catenulatum,random,0.690074426228213,23.2699142797407,0.225361324583931
Actinobacteria,Actinobacteria,Bifidobacteriales,Bifidobacteriaceae,Bifidobacterium,Bifidobacterium_dentium,no-data,1.49007930798268,9.34559899644574,0.0140721366029804
Actinobacteria,Actinobacteria,Bifidobacteriales,Bifidobacteriaceae,Bifidobacterium,Bifidobacterium_longum,next-ab,1.01913225654929,85.0512230817479,1.91984167230415
Actinobacteria,Actinobacteria,Bifidobacteriales,Bifidobacteriaceae,Bifidobacterium,Bifidobacterium_merycicum,no-data,1.09486198268203,0.146351662136734,0.000912320234113712
Actinobacteria,Actinobacteria,Bifidobacteriales,Bifidobacteriaceae,Bifidobacterium,Bifidobacterium_moukalabense,no-data,1.66090607230638,0.0209073803052478,2.27842809364548E-07
Actinobacteria,Actinobacteria,Bifidobacteriales,Bifidobacteriaceae,Bifidobacterium,Bifidobacterium_pseudocatenulatum,no-data,0.652505892042476,36.2324900689944,0.362797941309822
Actinobacteria,Actinobacteria,Bifidobacteriales,Bifidobacteriaceae,Bifidobacterium,Bifidobacterium_pseudolongum,no-data,1.14724289003866,0.418147606104955,0.00063545631270903
Actinobacteria,Actinobacteria,Bifidobacteriales,Bifidobacteriaceae,Bifidobacterium,Bifidobacterium_pullorum,no-data,1.55326554072834,0.710850930378424,0.000973818108974359
Actinobacteria,Actinobacteria,Bifidobacteriales,Bifidobacteriaceae,Bifidobacterium,Bifidobacterium_ruminantium,no-data,0.946409988485411,0.815387831904662,0.00623898202341137
Actinobacteria,Actinobacteria,Bifidobacteriales,Bifidobacteriaceae,Bifidobacterium,Bifidobacterium_scardovii,no-data,2.02216235549989,0.292703324273469,0.00075053093645485
Actinobacteria,Actinobacteria,Bifidobacteriales,Bifidobacteriaceae,Gardnerella,Gardnerella_vaginalis,no-data,0.637876351633325,1.58896090319883,0.00202134040551839
Actinobacteria,Actinobacteria,Bifidobacteriales,Bifidobacteriaceae,Parascardovia,Parascardovia_denticolens,no-data,1.73980238655706,0.543591887936442,0.000117988607859532
Actinobacteria,Actinobacteria,Bifidobacteriales,Bifidobacteriaceae,Scardovia,Scardovia_inopinata,no-data,2.15717777197253,0.0209073803052478,8.57023411371238E-07
Actinobacteria,Actinobacteria,Bifidobacteriales,Bifidobacteriaceae,Scardovia,Scardovia_wiggsiae,no-data,2.66971616277398,1.73531256533556,0.000253374442586399
Actinobacteria,Actinobacteria,Corynebacteriales,Corynebacteriaceae,Corynebacterium,Corynebacterium_accolens,no-data,0.396421726347937,0.0627221409157433,5.84657190635452E-06
Actinobacteria,Actinobacteria,Corynebacteriales,Corynebacteriaceae,Corynebacterium,Corynebacterium_amycolatum,no-data,0.686500565620611,0.334518084883964,0.00018178093645485
Actinobacteria,Actinobacteria,Corynebacteriales,Corynebacteriaceae,Corynebacterium,Corynebacterium_argentoratense,no-data,0.902532417597743,0.752665690988919,0.000231136949554069
Actinobacteria,Actinobacteria,Corynebacteriales,Corynebacteriaceae,Corynebacterium,Corynebacterium_atypicum,no-data,2.08370583518812,0.0209073803052478,0.000319577759197324
Actinobacteria,Actinobacteria,Corynebacteriales,Corynebacteriaceae,Corynebacterium,Corynebacterium_aurimucosum,no-data,0.483214176024393,0.0627221409157433,3.24205685618729E-05
Actinobacteria,Actinobacteria,Corynebacteriales,Corynebacteriaceae,Corynebacterium,Corynebacterium_casei,no-data,0.749062859692667,0.18816642274723,1.55183946488294E-05
Actinobacteria,Actinobacteria,Corynebacteriales,Corynebacteriaceae,Corynebacterium,Corynebacterium_durum,no-data,1.26444123584454,1.8398494668618,0.000123827341137124
Actinobacteria,Actinobacteria,Corynebacteriales,Corynebacteriaceae,Corynebacterium,Corynebacterium_frankenforstense,no-data,2.03797178317617,0.0209073803052478,9.11371237458194E-07
Actinobacteria,Actinobacteria,Corynebacteriales,Corynebacteriaceae,Corynebacterium,Corynebacterium_glutamicum,no-data,0.607777435569544,0.0627221409157433,1.52278428093645E-05
Actinobacteria,Actinobacteria,Corynebacteriales,Corynebacteriaceae,Corynebacterium,Corynebacterium_jeikeium,no-data,0.706166013119884,0.0209073803052478,1.10785953177258E-06
Actinobacteria,Actinobacteria,Corynebacteriales,Corynebacteriaceae,Corynebacterium,Corynebacterium_kroppenstedtii,no-data,1.27475688169237,0.0209073803052478,4.8494983277592E-07
Actinobacteria,Actinobacteria,Corynebacteriales,Corynebacteriaceae,Corynebacterium,Corynebacterium_matruchotii,no-data,1.6162783908188,0.0209073803052478,7.87346711259755E-08
Actinobacteria,Actinobacteria,Corynebacteriales,Corynebacteriaceae,Corynebacterium,Corynebacterium_oculi,no-data,1.33706704197583,0.0209073803052478,8.27759197324415E-08
Actinobacteria,Actinobacteria,Corynebacteriales,Corynebacteriaceae,Corynebacterium,Corynebacterium_variabile,no-data,0.703346092096889,0.18816642274723,3.49017558528428E-05
Actinobacteria,Actinobacteria,Corynebacteriales,Corynebacteriales_unclassified,Lawsonella,Lawsonella_clevelandensis,no-data,0.897598256535704,0.543591887936442,0.000163859218227425
Actinobacteria,Actinobacteria,Corynebacteriales,Gordoniaceae,Gordonia,Gordonia_terrae,no-data,2.04911933811827,0.0209073803052478,1.35869565217391E-06
Actinobacteria,Actinobacteria,Corynebacteriales,Mycobacteriaceae,Mycobacterium,Mycobacterium_avium,no-data,3.85380934127848,0.0209073803052478,2.17851170568562E-05
Actinobacteria,Actinobacteria,Corynebacteriales,Mycobacteriaceae,Mycolicibacterium,Mycolicibacterium_obuense,no-data,2.70570645380097,0.0209073803052478,1.8938127090301E-06
Actinobacteria,Actinobacteria,Corynebacteriales,Nocardiaceae,Rhodococcus,Rhodococcus_erythropolis,no-data,1.56548850756182,0.250888563662973,1.77414297658863E-06
Actinobacteria,Actinobacteria,Corynebacteriales,Nocardiaceae,Rhodococcus,Rhodococcus_gordoniae,no-data,1.60333642755212,0.0209073803052478,1.06605351170569E-07
Actinobacteria,Actinobacteria,Corynebacteriales,Nocardiaceae,Rhodococcus,Rhodococcus_pyridinivorans,no-data,2.15649241802723,0.0209073803052478,1.6122491638796E-05
Actinobacteria,Actinobacteria,Corynebacteriales,Nocardiaceae,Rhodococcus,Rhodococcus_qingshengii,no-data,1.65037912833491,0.397240225799707,6.91576086956522E-06
Actinobacteria,Actinobacteria,Micrococcales,Brevibacteriaceae,Brevibacterium,Brevibacterium_aurantiacum,no-data,1.90401170501907,0.0209073803052478,2.39130434782609E-06
Actinobacteria,Actinobacteria,Micrococcales,Brevibacteriaceae,Brevibacterium,Brevibacterium_iodinum,no-data,1.9742188711251,0.0209073803052478,1.75794314381271E-06
Actinobacteria,Actinobacteria,Micrococcales,Brevibacteriaceae,Brevibacterium,Brevibacterium_linens,no-data,1.67778403386226,0.0627221409157433,5.42015050167224E-06
Actinobacteria,Actinobacteria,Micrococcales,Brevibacteriaceae,Brevibacterium,Brevibacterium_paucivorans,no-data,1.67046792443475,0.0209073803052478,4.2433110367893E-07
Actinobacteria,Actinobacteria,Micrococcales,Dermabacteraceae,Brachybacterium,Brachybacterium_alimentarium,no-data,2.20809526926284,0.0418147606104955,4.78678929765886E-07
Actinobacteria,Actinobacteria,Micrococcales,Dermacoccaceae,Kytococcus,Kytococcus_aerolatus,no-data,1.45018990166261,0.0209073803052478,1.07859531772575E-06
Actinobacteria,Actinobacteria,Micrococcales,Microbacteriaceae,Clavibacter,Clavibacter_michiganensis,no-data,2.47330757781882,0.0209073803052478,1.93561872909699E-06
Actinobacteria,Actinobacteria,Micrococcales,Microbacteriaceae,Microbacterium,Microbacterium_oxydans,no-data,0.922934768753925,0.18816642274723,1.1068143812709E-05
Actinobacteria,Actinobacteria,Micrococcales,Micrococcaceae,Micrococcus,Micrococcus_aloeverae,no-data,2.03639448591355,0.0209073803052478,1.92307692307692E-07
Actinobacteria,Actinobacteria,Micrococcales,Micrococcaceae,Micrococcus,Micrococcus_luteus,no-data,1.97142959157624,0.0627221409157433,1.93290133779264E-05
Actinobacteria,Actinobacteria,Micrococcales,Micrococcaceae,Rothia,Rothia_aeria,no-data,0.420401601714577,0.083629521220991,5.44105351170569E-06
Actinobacteria,Actinobacteria,Micrococcales,Micrococcaceae,Rothia,Rothia_dentocariosa,no-data,0.564807208083239,2.34162659418775,0.000422111204013378
Actinobacteria,Actinobacteria,Micrococcales,Micrococcaceae,Rothia,Rothia_mucilaginosa,no-data,0.560703804711549,15.9105164122935,0.00367024666660332
Actinobacteria,Actinobacteria,Micrococcales,Micrococcales_unclassified,Tropheryma,Tropheryma_whipplei,no-data,6,0.167259042441982,5.62207357859532E-05
Actinobacteria,Actinobacteria,Micrococcales,Promicromonosporaceae,Cellulosimicrobium,Cellulosimicrobium_cellulans,no-data,1.61185083654598,0.0209073803052478,9.71989966555184E-07
Actinobacteria,Actinobacteria,Propionibacteriales,Propionibacteriaceae,Acidipropionibacterium,Acidipropionibacterium_acidipropionici,no-data,2.25382143770157,0.0209073803052478,2.45087792642141E-07
Actinobacteria,Actinobacteria,Propionibacteriales,Propionibacteriaceae,Cutibacterium,Cutibacterium_acnes,no-data,2.21586592857822,2.73886681998746,0.00125853582320341
Actinobacteria,Actinobacteria,Propionibacteriales,Propionibacteriaceae,Cutibacterium,Cutibacterium_granulosum,no-data,2.73147311969703,0.0209073803052478,4.28511705685619E-07
Actinobacteria,Actinobacteria,Propionibacteriales,Propionibacteriaceae,Propionibacterium,Propionibacterium_acidifaciens,no-data,3.27000784101026,0.961739494041397,0.000144709448160535
Actinobacteria,Actinobacteria,Propionibacteriales,Propionibacteriaceae,Propionibacterium,Propionibacterium_freudenreichii,no-data,3.07246894435764,1.65168304411457,0.000827522993311037
Actinobacteria,Actinobacteria,Streptomycetales,Streptomycetaceae,Streptomyces,Streptomyces_albus,no-data,1.4853225064466,0.0209073803052478,2.73829431438127E-07
Actinobacteria,Actinobacteria,Streptosporangiales,Nocardiopsaceae,Nocardiopsis,Nocardiopsis_alba,no-data,1.88204273533592,0.0209073803052478,4.47324414715719E-07
Actinobacteria,Coriobacteriia,Coriobacteriales,Atopobiaceae,Atopobium,Atopobium_deltae,no-data,2.07598729494866,1.69349780472507,0.000322627135093168
Actinobacteria,Coriobacteriia,Coriobacteriales,Atopobiaceae,Atopobium,Atopobium_minutum,no-data,0.87259755952381,1.52623876228309,0.000691833716555184
Actinobacteria,Coriobacteriia,Coriobacteriales,Atopobiaceae,Olsenella,Olsenella_uli,no-data,1.39436561666761,0.397240225799707,0.000155305183946488
Actinobacteria,Coriobacteriia,Coriobacteriales,Coriobacteriaceae,Collinsella,Collinsella_aerofaciens,no-data,0.496201901957947,92.3269914279741,2.96470602441119
Actinobacteria,Coriobacteriia,Coriobacteriales,Coriobacteriaceae,Collinsella,Collinsella_intestinalis,no-data,0.617415528221816,54.8400585406649,0.0360492356398131
Actinobacteria,Coriobacteriia,Coriobacteriales,Coriobacteriaceae,Enorma,Enorma_massiliensis,no-data,0.760088167836446,49.2996027597742,0.0225568242504778
Actinobacteria,Coriobacteriia,Eggerthellales,Eggerthellaceae,Adlercreutzia,Adlercreutzia_equolifaciens,no-data,2.14825768836342,73.2385532092829,0.0732827885696731
Actinobacteria,Coriobacteriia,Eggerthellales,Eggerthellaceae,Denitrobacterium,Denitrobacterium_detoxificans,no-data,1.06110275328401,10.9345598996446,0.000481702550167224
Actinobacteria,Coriobacteriia,Eggerthellales,Eggerthellaceae,Eggerthella,Eggerthella_lenta,no-data,2.02931944922795,42.8392222454526,0.0774551564490763
Actinobacteria,Coriobacteriia,Eggerthellales,Eggerthellaceae,Gordonibacter,Gordonibacter_pamelaeae,next-prev,4.14653437247479,70.3951494877692,0.0788930578931938
Actinobacteria,Coriobacteriia,Eggerthellales,Eggerthellaceae,Slackia,Slackia_exigua,lessprevalent,1.56476892699977,0.292703324273469,7.45735785953177E-05
Actinobacteria,Coriobacteriia,Eggerthellales,Eggerthellaceae,Slackia,Slackia_isoflavoniconvertens,no-data,0.493446164608327,51.390340790299,0.133124144156498
Actinobacteria,Rubrobacteria,Rubrobacterales,Rubrobacteraceae,Rubrobacter,Rubrobacter_radiotolerans,no-data,4.5354991362958,0.0418147606104955,9.55267558528428E-07
Actinobacteria,Thermoleophilia,Thermoleophilales,Thermoleophilaceae,Thermoleophilum,Thermoleophilum_album,no-data,5.7649274214996,1.00355425465189,3.16041318283166E-05
Bacteroidetes,Bacteroidia,Bacteroidales,Bacteroidaceae,Bacteroides,Bacteroides_caccae,no-data,1.27302297625974,72.9040351243989,0.821075296798276
Bacteroidetes,Bacteroidia,Bacteroidales,Bacteroidaceae,Bacteroides,Bacteroides_caecimuris,no-data,1.32481598761657,0.167259042441982,1.80936454849498E-05
Bacteroidetes,Bacteroidia,Bacteroidales,Bacteroidaceae,Bacteroides,Bacteroides_cellulosilyticus,no-data,2.42748944204903,48.3796780263433,0.349906030814329
Bacteroidetes,Bacteroidia,Bacteroidales,Bacteroidaceae,Bacteroides,Bacteroides_clarus,no-data,1.22265417232429,25.3606523102655,0.1090942402801
Bacteroidetes,Bacteroidia,Bacteroidales,Bacteroidaceae,Bacteroides,Bacteroides_eggerthii,no-data,1.57902109477301,32.4273468534393,0.611776989977971
Bacteroidetes,Bacteroidia,Bacteroidales,Bacteroidaceae,Bacteroides,Bacteroides_faecichinchillae,no-data,2.98397808153795,2.50888563662973,0.000633425654960981
Bacteroidetes,Bacteroidia,Bacteroidales,Bacteroidaceae,Bacteroides,Bacteroides_faecis,no-data,1.69743681650983,20.0710850930378,0.170116120787953
Bacteroidetes,Bacteroidia,Bacteroidales,Bacteroidaceae,Bacteroides,Bacteroides_finegoldii,no-data,1.49295509467933,30.3575162032197,0.145111540814815
Bacteroidetes,Bacteroidia,Bacteroidales,Bacteroidaceae,Bacteroides,Bacteroides_fluxus,no-data,1.12495895831907,0.710850930378424,0.00496529734531772
Bacteroidetes,Bacteroidia,Bacteroidales,Bacteroidaceae,Bacteroides,Bacteroides_fragilis,non-rhythmic,1.07879337513367,40.7693915952331,0.355664402923512
Bacteroidetes,Bacteroidia,Bacteroidales,Bacteroidaceae,Bacteroides,Bacteroides_heparinolyticus,no-data,1.53806193358371,0.0418147606104955,0.000004375
Bacteroidetes,Bacteroidia,Bacteroidales,Bacteroidaceae,Bacteroides,Bacteroides_intestinalis,no-data,2.01538949518339,26.9077984528539,0.21410369392021
Bacteroidetes,Bacteroidia,Bacteroidales,Bacteroidaceae,Bacteroides,Bacteroides_nordii,no-data,1.75550849938864,15.6178130880201,0.00419117540802981
Bacteroidetes,Bacteroidia,Bacteroidales,Bacteroidaceae,Bacteroides,Bacteroides_oleiciplenus,no-data,2.43729072615586,0.376332845494459,0.000497253344481605
Bacteroidetes,Bacteroidia,Bacteroidales,Bacteroidaceae,Bacteroides,Bacteroides_ovatus,no-data,2.05063305068945,82.6886891072549,0.678261905834446
Bacteroidetes,Bacteroidia,Bacteroidales,Bacteroidaceae,Bacteroides,Bacteroides_pyogenes,no-data,2.09686854476986,0.0209073803052478,1.10576923076923E-06
Bacteroidetes,Bacteroidia,Bacteroidales,Bacteroidaceae,Bacteroides,Bacteroides_salyersiae,no-data,1.25773573408216,27.0123353543801,0.145758263163919
Bacteroidetes,Bacteroidia,Bacteroidales,Bacteroidaceae,Bacteroides,Bacteroides_stercorirosoris,no-data,1.65289308905411,1.19172067739912,0.000956433946488294
Bacteroidetes,Bacteroidia,Bacteroidales,Bacteroidaceae,Bacteroides,Bacteroides_stercoris,no-data,1.10207416815328,51.306711269078,1.39625496113234
Bacteroidetes,Bacteroidia,Bacteroidales,Bacteroidaceae,Bacteroides,Bacteroides_thetaiotaomicron,next-ab,2.10861539555015,77.9218063976584,0.532186517452499
Bacteroidetes,Bacteroidia,Bacteroidales,Bacteroidaceae,Bacteroides,Bacteroides_uniformis,rhythmic,1.33973526592738,93.4350825841522,4.43752971240385
Bacteroidetes,Bacteroidia,Bacteroidales,Bacteroidaceae,Bacteroides,Bacteroides_xylanisolvens,no-data,1.97229988450563,66.9036169767928,0.326849362846079
Bacteroidetes,Bacteroidia,Bacteroidales,Barnesiellaceae,Barnesiella,Barnesiella_intestinihominis,no-data,4.97321545961733,76.0192347898808,0.902650489662094
Bacteroidetes,Bacteroidia,Bacteroidales,Barnesiellaceae,Barnesiella,Barnesiella_viscericola,random,2.51618105671332,0.125444281831487,3.19607023411371E-05
Bacteroidetes,Bacteroidia,Bacteroidales,Barnesiellaceae,Coprobacter,Coprobacter_fastidiosus,no-data,3.97748135391494,41.1248170604223,0.0813404263395815
Bacteroidetes,Bacteroidia,Bacteroidales,Barnesiellaceae,Coprobacter,Coprobacter_secundus,no-data,4.03991754138693,29.5212209910098,0.0192185691219664
Bacteroidetes,Bacteroidia,Bacteroidales,Muribaculaceae,Muribaculum,Muribaculum_intestinale,no-data,1.54382373702559,0.250888563662973,0.000319776337792642
Bacteroidetes,Bacteroidia,Bacteroidales,Odoribacteraceae,Butyricimonas,Butyricimonas_synergistica,no-data,2.34863067586465,40.2885218482124,0.0327297800575609
Bacteroidetes,Bacteroidia,Bacteroidales,Odoribacteraceae,Butyricimonas,Butyricimonas_virosa,no-data,2.62505557507357,54.0873928496759,0.0604626115522229
Bacteroidetes,Bacteroidia,Bacteroidales,Odoribacteraceae,Odoribacter,Odoribacter_laneus,no-data,4.28536093380731,2.63432991846122,0.00463275729071653
Bacteroidetes,Bacteroidia,Bacteroidales,Odoribacteraceae,Odoribacter,Odoribacter_splanchnicus,no-data,3.13016258731949,82.9604850512231,0.424325046584338
Bacteroidetes,Bacteroidia,Bacteroidales,Porphyromonadaceae,Porphyromonas,Porphyromonas_asaccharolytica,no-data,6,3.19882918670291,0.000599359267996496
Bacteroidetes,Bacteroidia,Bacteroidales,Porphyromonadaceae,Porphyromonas,Porphyromonas_canoris,no-data,2.40564817076289,0.0209073803052478,6.77257525083612E-07
Bacteroidetes,Bacteroidia,Bacteroidales,Porphyromonadaceae,Porphyromonas,Porphyromonas_endodontalis,no-data,2.78635350680451,0.167259042441982,5.53877508361204E-05
Bacteroidetes,Bacteroidia,Bacteroidales,Porphyromonadaceae,Porphyromonas,Porphyromonas_gingivalis,no-data,6,0.104536901526239,4.5443143812709E-06
Bacteroidetes,Bacteroidia,Bacteroidales,Porphyromonadaceae,Porphyromonas,Porphyromonas_uenonis,no-data,5.82653385620672,1.4007944804516,0.00025774215639433
Bacteroidetes,Bacteroidia,Bacteroidales,Porphyromonadaceae,Sanguibacteroides,Sanguibacteroides_justesenii,no-data,4.38007826464719,5.22684507631194,0.00206619220317725
Bacteroidetes,Bacteroidia,Bacteroidales,Prevotellaceae,Alloprevotella,Alloprevotella_tannerae,no-data,5.56769009215495,0.083629521220991,2.12876254180602E-05
Bacteroidetes,Bacteroidia,Bacteroidales,Prevotellaceae,Paraprevotella,Paraprevotella_clara,no-data,1.13767968877539,17.6458289776291,0.0151543837444259
Bacteroidetes,Bacteroidia,Bacteroidales,Prevotellaceae,Paraprevotella,Paraprevotella_xylaniphila,next-prev,1.19577258556129,37.6750993100564,0.161236073916259
Bacteroidetes,Bacteroidia,Bacteroidales,Prevotellaceae,Prevotella,Prevotella_amnii,no-data,2.88780770945831,0.18816642274723,0.000368022575250836
Bacteroidetes,Bacteroidia,Bacteroidales,Prevotellaceae,Prevotella,Prevotella_bivia,no-data,1.86766147545447,4.70416056868074,0.00297767061384128
Bacteroidetes,Bacteroidia,Bacteroidales,Prevotellaceae,Prevotella,Prevotella_buccae,no-data,1.8163038738978,0.522684507631194,0.00184859958542363
Bacteroidetes,Bacteroidia,Bacteroidales,Prevotellaceae,Prevotella,Prevotella_copri,no-data,0.899149757226674,56.4290194438637,8.56593447337268
Bacteroidetes,Bacteroidia,Bacteroidales,Prevotellaceae,Prevotella,Prevotella_corporis,no-data,1.79947934984325,5.97951076730086,0.00331599226550344
Bacteroidetes,Bacteroidia,Bacteroidales,Prevotellaceae,Prevotella,Prevotella_denticola,no-data,2.63302505948468,0.125444281831487,3.32535535117057E-05
Bacteroidetes,Bacteroidia,Bacteroidales,Prevotellaceae,Prevotella,Prevotella_disiens,random,2.04021677988765,5.85406648546937,0.00439808698140627
Bacteroidetes,Bacteroidia,Bacteroidales,Prevotellaceae,Prevotella,Prevotella_histicola,no-data,3.23562466116957,0.167259042441982,0.000102002508361204
Bacteroidetes,Bacteroidia,Bacteroidales,Prevotellaceae,Prevotella,Prevotella_intermedia,no-data,1.93854834301813,0.125444281831487,1.37991220735786E-05
Bacteroidetes,Bacteroidia,Bacteroidales,Prevotellaceae,Prevotella,Prevotella_jejuni,no-data,2.37821194801073,0.0627221409157433,2.07357859531773E-06
Bacteroidetes,Bacteroidia,Bacteroidales,Prevotellaceae,Prevotella,Prevotella_marshii,no-data,5.62690519964879,0.0209073803052478,4.41053511705686E-07
Bacteroidetes,Bacteroidia,Bacteroidales,Prevotellaceae,Prevotella,Prevotella_melaninogenica,no-data,2.99583083781824,0.459962366715451,0.000627483277591973
Bacteroidetes,Bacteroidia,Bacteroidales,Prevotellaceae,Prevotella,Prevotella_nigrescens,no-data,4.52858098331577,0.083629521220991,8.63294314381271E-07
Bacteroidetes,Bacteroidia,Bacteroidales,Prevotellaceae,Prevotella,Prevotella_oralis,no-data,2.55349880392267,0.0627221409157433,2.85953177257525E-06
Bacteroidetes,Bacteroidia,Bacteroidales,Prevotellaceae,Prevotella,Prevotella_oris,no-data,1.68005392140565,0.0418147606104955,9.0928093645485E-07
Bacteroidetes,Bacteroidia,Bacteroidales,Prevotellaceae,Prevotella,Prevotella_salivae,no-data,2.4246090570993,0.0209073803052478,3.80852842809364E-06
Bacteroidetes,Bacteroidia,Bacteroidales,Prevotellaceae,Prevotella,Prevotella_stercorea,non-rhythmic,1.04071348547117,12.7116872255906,0.380651078421126
Bacteroidetes,Bacteroidia,Bacteroidales,Prevotellaceae,Prevotella,Prevotella_veroralis,no-data,1.81314173263827,0.0209073803052478,3.0309364548495E-07
Bacteroidetes,Bacteroidia,Bacteroidales,Rikenellaceae,Alistipes,Alistipes_finegoldii,no-data,4.13025535422061,80.8697470206983,0.605317221116154
Bacteroidetes,Bacteroidia,Bacteroidales,Rikenellaceae,Alistipes,Alistipes_indistinctus,no-data,6,50.7631193811415,0.0855569965905402
Bacteroidetes,Bacteroidia,Bacteroidales,Rikenellaceae,Alistipes,Alistipes_inops,no-data,5.25748299217299,32.2600878109973,0.291605142654621
Bacteroidetes,Bacteroidia,Bacteroidales,Rikenellaceae,Alistipes,Alistipes_onderdonkii,no-data,3.83903946084432,14.4679071712314,0.0303432979674311
Bacteroidetes,Bacteroidia,Bacteroidales,Rikenellaceae,Alistipes,Alistipes_putredinis,once-rhythmic,4.50050906068824,83.0022998118336,2.87325981168795
Bacteroidetes,Bacteroidia,Bacteroidales,Rikenellaceae,Alistipes,Alistipes_shahii,no-data,5.62194023547631,76.7509931005645,0.217370628953213
Bacteroidetes,Bacteroidia,Bacteroidales,Rikenellaceae,Alistipes,Alistipes_timonensis,no-data,4.12621599625431,7.98661927660464,0.00489105058528428
Bacteroidetes,Bacteroidia,Bacteroidales,Rikenellaceae,Rikenella,Rikenella_microfusus,no-data,3.6286034590038,0.355425465189212,0.0028855016722408
Bacteroidetes,Bacteroidia,Bacteroidales,Tannerellaceae,Parabacteroides,Parabacteroides_chinchillae,no-data,1.89767973579328,0.18816642274723,2.52069397993311E-05
Bacteroidetes,Bacteroidia,Bacteroidales,Tannerellaceae,Parabacteroides,Parabacteroides_distasonis,next-prev,1.11569996032973,88.6472924942505,0.977486150802984
Bacteroidetes,Bacteroidia,Bacteroidales,Tannerellaceae,Parabacteroides,Parabacteroides_goldsteinii,no-data,1.31269875021684,19.067530838386,0.0456425575728619
Bacteroidetes,Bacteroidia,Bacteroidales,Tannerellaceae,Parabacteroides,Parabacteroides_gordonii,no-data,1.33403544525342,2.69705205937696,0.00279779821627647
Bacteroidetes,Bacteroidia,Bacteroidales,Tannerellaceae,Parabacteroides,Parabacteroides_johnsonii,no-data,1.26139341874323,16.6422747229772,0.05882092018534
Bacteroidetes,Bacteroidia,Bacteroidales,Tannerellaceae,Parabacteroides,Parabacteroides_merdae,no-data,1.33896609792304,72.7994982228727,0.725741579381878
Bacteroidetes,Bacteroidia,Bacteroidales,Tannerellaceae,Tannerella,Tannerella_forsythia,no-data,6,0.0418147606104955,6.09322742474916E-07
Bacteroidetes,Flavobacteriia,Flavobacteriales,Flavobacteriaceae,Cloacibacterium,Cloacibacterium_normanense,no-data,1.10957802698006,0.0418147606104955,4.34155518394649E-06
Bacteroidetes,Flavobacteriia,Flavobacteriales,Flavobacteriaceae,Elizabethkingia,Elizabethkingia_anophelis,no-data,1.04099791878811,0.0627221409157433,1.90008361204013E-06
Bacteroidetes,Sphingobacteriia,Sphingobacteriales,Sphingobacteriaceae,Sphingobacterium,Sphingobacterium_multivorum,no-data,0.454538095708912,0.0209073803052478,6.47993311036789E-08
Chlamydiae,Chlamydiia,Chlamydiales,Chlamydiaceae,Chlamydia,Chlamydia_ibidis,no-data,6,0.0627221409157433,2.11329431438127E-06
Deferribacteres,Deferribacteres,Deferribacterales,Deferribacteraceae,Mucispirillum,Mucispirillum_schaedleri,no-data,3.51335324212846,0.0209073803052478,4.97491638795987E-07
Firmicutes,Bacilli,Bacillales,Bacillaceae,Bacillus,Bacillus_altitudinis,no-data,0.610957742090726,0.0209073803052478,3.69983277591973E-07
Firmicutes,Bacilli,Bacillales,Bacillaceae,Bacillus,Bacillus_stratosphericus,no-data,0.68399070601704,0.0209073803052478,2.78010033444816E-07
Firmicutes,Bacilli,Bacillales,Bacillaceae,Geobacillus,Geobacillus_stearothermophilus,no-data,4.43790277494142,0.125444281831487,8.4489966555184E-06
Firmicutes,Bacilli,Bacillales,Bacillaceae,Hydrogenibacillus,Hydrogenibacillus_schlegelii,no-data,4.32129062138472,0.418147606104955,2.31020066889632E-05
Firmicutes,Bacilli,Bacillales,Bacillales_unclassified,Gemella,Gemella_asaccharolytica,no-data,1.96877275904865,0.899017353125653,0.000265653443024367
Firmicutes,Bacilli,Bacillales,Bacillales_unclassified,Gemella,Gemella_haemolysans,no-data,0.522149006721113,3.36608822914489,0.00025893760451505
Firmicutes,Bacilli,Bacillales,Bacillales_unclassified,Gemella,Gemella_morbillorum,no-data,0.560344274470677,1.19172067739912,0.000261322115384615
Firmicutes,Bacilli,Bacillales,Bacillales_unclassified,Gemella,Gemella_sanguinis,no-data,0.720402195142168,13.924315283295,0.00195114443979933
Firmicutes,Bacilli,Bacillales,Listeriaceae,Brochothrix,Brochothrix_thermosphacta,no-data,1.14883911414454,0.0209073803052478,1.29598662207358E-05
Firmicutes,Bacilli,Bacillales,Paenibacillaceae,Paenibacillus,Paenibacillus_polysaccharolyticus,no-data,1.52415982396221,0.0209073803052478,5.33026755852843E-07
Firmicutes,Bacilli,Bacillales,Staphylococcaceae,Macrococcus,Macrococcus_caseolyticus,no-data,0.650001777634714,0.0418147606104955,3.68938127090301E-06
Firmicutes,Bacilli,Bacillales,Staphylococcaceae,Staphylococcus,Staphylococcus_capitis,no-data,0.870963485403403,0.104536901526239,0.000113948578595318
Firmicutes,Bacilli,Bacillales,Staphylococcaceae,Staphylococcus,Staphylococcus_carnosus,no-data,0.93659702033496,0.0627221409157433,0.000222250731605351
Firmicutes,Bacilli,Bacillales,Staphylococcaceae,Staphylococcus,Staphylococcus_epidermidis,no-data,1.01753790549806,0.167259042441982,4.14020693979933E-05
Firmicutes,Bacilli,Bacillales,Staphylococcaceae,Staphylococcus,Staphylococcus_equorum,no-data,1.15028251315488,0.250888563662973,7.45401337792642E-05
Firmicutes,Bacilli,Bacillales,Staphylococcaceae,Staphylococcus,Staphylococcus_gallinarum,no-data,0.734603707747029,0.083629521220991,7.40781772575251E-05
Firmicutes,Bacilli,Bacillales,Staphylococcaceae,Staphylococcus,Staphylococcus_haemolyticus,no-data,0.685106639299085,0.0209073803052478,4.34782608695652E-07
Firmicutes,Bacilli,Bacillales,Staphylococcaceae,Staphylococcus,Staphylococcus_hominis,no-data,0.734496596471403,0.125444281831487,4.6122491638796E-05
Firmicutes,Bacilli,Bacillales,Staphylococcaceae,Staphylococcus,Staphylococcus_kloosii,no-data,0.934746189628283,0.083629521220991,2.311872909699E-06
Firmicutes,Bacilli,Bacillales,Staphylococcaceae,Staphylococcus,Staphylococcus_saprophyticus,no-data,1.02552732573302,0.083629521220991,3.00193352842809E-05
Firmicutes,Bacilli,Bacillales,Staphylococcaceae,Staphylococcus,Staphylococcus_succinus,no-data,0.980403279800044,0.0209073803052478,1.06396321070234E-06
Firmicutes,Bacilli,Bacillales,Staphylococcaceae,Staphylococcus,Staphylococcus_xylosus,no-data,1.16510460552368,0.355425465189212,0.000116569816053512
Firmicutes,Bacilli,Lactobacillales,Aerococcaceae,Abiotrophia,Abiotrophia_defectiva,no-data,0.419799019820558,0.0418147606104955,1.09740802675585E-06
Firmicutes,Bacilli,Lactobacillales,Aerococcaceae,Aerococcus,Aerococcus_christensenii,no-data,1.18803494155254,0.083629521220991,1.70484949832776E-05
Firmicutes,Bacilli,Lactobacillales,Aerococcaceae,Aerococcus,Aerococcus_urinaeequi,no-data,0.735554499340044,0.0627221409157433,5.07002508361204E-05
Firmicutes,Bacilli,Lactobacillales,Aerococcaceae,Aerococcus,Aerococcus_viridans,no-data,0.540311590094134,0.0627221409157433,5.53490802675585E-05
Firmicutes,Bacilli,Lactobacillales,Aerococcaceae,Facklamia,Facklamia_hominis,no-data,1.54104459712758,0.0627221409157433,2.2190635451505E-05
Firmicutes,Bacilli,Lactobacillales,Carnobacteriaceae,Carnobacterium,Carnobacterium_divergens,no-data,1.23165535111223,0.229981183357725,1.19648829431438E-05
Firmicutes,Bacilli,Lactobacillales,Carnobacteriaceae,Carnobacterium,Carnobacterium_maltaromaticum,no-data,1.67632441305414,0.146351662136734,2.47805183946488E-05
Firmicutes,Bacilli,Lactobacillales,Carnobacteriaceae,Granulicatella,Granulicatella_adiacens,no-data,0.615527850654405,0.18816642274723,1.64193143812709E-05
Firmicutes,Bacilli,Lactobacillales,Enterococcaceae,Enterococcus,Enterococcus_asini,no-data,0.848852554790043,0.0209073803052478,7.43102006688963E-06
Firmicutes,Bacilli,Lactobacillales,Enterococcaceae,Enterococcus,Enterococcus_avium,no-data,0.836977555916676,0.501777127325946,0.00134630905100334
Firmicutes,Bacilli,Lactobacillales,Enterococcaceae,Enterococcus,Enterococcus_casseliflavus,no-data,0.545352675331237,0.543591887936442,0.000277671404682274
Firmicutes,Bacilli,Lactobacillales,Enterococcaceae,Enterococcus,Enterococcus_cecorum,no-data,1.09504261167886,0.0627221409157433,0.000512723662207358
Firmicutes,Bacilli,Lactobacillales,Enterococcaceae,Enterococcus,Enterococcus_devriesei,no-data,0.764441048029145,0.0209073803052478,9.20150501672241E-06
Firmicutes,Bacilli,Lactobacillales,Enterococcaceae,Enterococcus,Enterococcus_dispar,no-data,1.2129139291682,0.0209073803052478,5.81103678929766E-07
Firmicutes,Bacilli,Lactobacillales,Enterococcaceae,Enterococcus,Enterococcus_durans,no-data,0.977750628617805,0.919924733430901,0.00106077811454849
Firmicutes,Bacilli,Lactobacillales,Enterococcaceae,Enterococcus,Enterococcus_faecalis,no-data,0.743470828489244,3.6796989337236,0.00502225177675585
Firmicutes,Bacilli,Lactobacillales,Enterococcaceae,Enterococcus,Enterococcus_faecium,no-data,1.02383815155522,5.10140079448045,0.0164265337583612
Firmicutes,Bacilli,Lactobacillales,Enterococcaceae,Enterococcus,Enterococcus_gallinarum,no-data,0.998213381618823,0.376332845494459,0.00055141252090301
Firmicutes,Bacilli,Lactobacillales,Enterococcaceae,Enterococcus,Enterococcus_gilvus,no-data,0.700040284900549,0.0209073803052478,1.10576923076923E-06
Firmicutes,Bacilli,Lactobacillales,Enterococcaceae,Enterococcus,Enterococcus_hirae,no-data,1.04353470661539,1.23353543800962,0.040176883361204
Firmicutes,Bacilli,Lactobacillales,Enterococcaceae,Enterococcus,Enterococcus_italicus,no-data,1.08358228344044,0.0418147606104955,1.22136287625418E-05
Firmicutes,Bacilli,Lactobacillales,Enterococcaceae,Enterococcus,Enterococcus_malodoratus,no-data,0.80549998895107,0.0209073803052478,1.90635451505017E-06
Firmicutes,Bacilli,Lactobacillales,Enterococcaceae,Enterococcus,Enterococcus_mundtii,no-data,0.867226218553744,0.313610704578716,5.54096989966555E-05
Firmicutes,Bacilli,Lactobacillales,Enterococcaceae,Enterococcus,Enterococcus_phoeniculicola,no-data,0.986956384319689,0.0209073803052478,3.0873745819398E-06
Firmicutes,Bacilli,Lactobacillales,Enterococcaceae,Enterococcus,Enterococcus_pseudoavium,no-data,0.942931518627594,0.0418147606104955,3.0121237458194E-06
Firmicutes,Bacilli,Lactobacillales,Enterococcaceae,Enterococcus,Enterococcus_raffinosus,no-data,0.733390945121453,0.104536901526239,1.44878762541806E-05
Firmicutes,Bacilli,Lactobacillales,Enterococcaceae,Enterococcus,Enterococcus_thailandicus,no-data,1.36250521014572,0.104536901526239,0.00152390050167224
Firmicutes,Bacilli,Lactobacillales,Enterococcaceae,Tetragenococcus,Tetragenococcus_halophilus,no-data,4.06806047037974,0.0418147606104955,4.54849498327759E-06
Firmicutes,Bacilli,Lactobacillales,Lactobacillaceae,Lactobacillus,Lactobacillus_acetotolerans,no-data,2.42765548681605,0.0209073803052478,9.6571906354515E-07
Firmicutes,Bacilli,Lactobacillales,Lactobacillaceae,Lactobacillus,Lactobacillus_acidophilus,no-data,0.759737666774075,7.21304620531048,0.0103384146808807
Firmicutes,Bacilli,Lactobacillales,Lactobacillaceae,Lactobacillus,Lactobacillus_amylovorus,no-data,0.959959449883842,0.585406648546937,0.00459732023411371
Firmicutes,Bacilli,Lactobacillales,Lactobacillaceae,Lactobacillus,Lactobacillus_apis,no-data,1.61331783548087,0.0627221409157433,6.50710702341137E-06
Firmicutes,Bacilli,Lactobacillales,Lactobacillaceae,Lactobacillus,Lactobacillus_crispatus,no-data,0.650840259141605,1.04536901526239,0.00137342391304347
Firmicutes,Bacilli,Lactobacillales,Lactobacillaceae,Lactobacillus,Lactobacillus_delbrueckii,no-data,0.143225996506929,10.6000418147606,0.0237122259963768
Firmicutes,Bacilli,Lactobacillales,Lactobacillaceae,Lactobacillus,Lactobacillus_equicursoris,no-data,0.124668734932143,0.0209073803052478,5.18394648829432E-07
Firmicutes,Bacilli,Lactobacillales,Lactobacillaceae,Lactobacillus,Lactobacillus_gasseri,no-data,1.10198532875922,2.278904453272,0.00285060078734671
Firmicutes,Bacilli,Lactobacillales,Lactobacillaceae,Lactobacillus,Lactobacillus_helveticus,no-data,0.971205197937824,0.167259042441982,6.89872491638796E-05
Firmicutes,Bacilli,Lactobacillales,Lactobacillaceae,Lactobacillus,Lactobacillus_iners,no-data,2.01041797413377,0.710850930378424,0.000220911371237458
Firmicutes,Bacilli,Lactobacillales,Lactobacillaceae,Lactobacillus,Lactobacillus_jensenii,no-data,0.437347277520303,0.0209073803052478,5.25501672240803E-06
Firmicutes,Bacilli,Lactobacillales,Lactobacillaceae,Lactobacillus,Lactobacillus_johnsonii,no-data,0.831443445297976,0.418147606104955,0.00119513952759197
Firmicutes,Bacilli,Lactobacillales,Lactobacillaceae,Lactobacillus,Lactobacillus_kalixensis,no-data,0.779603426271824,0.209073803052478,0.000160430602006689
Firmicutes,Bacilli,Lactobacillales,Lactobacillaceae,Lactobacillus,Lactobacillus_kefiranofaciens,no-data,0.86348970339232,0.125444281831487,0.000373972617056856
Firmicutes,Bacilli,Lactobacillales,Lactobacillaceae,Lactobacillus,Lactobacillus_kullabergensis,no-data,3.17167152724544,0.0209073803052478,1.0242474916388E-07
Firmicutes,Bacilli,Lactobacillales,Lactobacillaceae,Lactobacillus,Lactobacillus_paragasseri,no-data,0.908773499862592,2.40434873510349,0.00362680514910813
Firmicutes,Bacilli,Lactobacillales,Lactobacillaceae,Lactobacillus,Lactobacillus_ultunensis,no-data,0.961399517500938,0.083629521220991,1.47094481605351E-05
Firmicutes,Bacilli,Lactobacillales,Lactobacillaceae,Pediococcus,Pediococcus_acidilactici,no-data,0.554268170527359,0.522684507631194,0.00171380016722408
Firmicutes,Bacilli,Lactobacillales,Lactobacillaceae,Pediococcus,Pediococcus_argentinicus,no-data,1.43936812783727,0.083629521220991,3.49498327759197E-06
Firmicutes,Bacilli,Lactobacillales,Lactobacillaceae,Pediococcus,Pediococcus_damnosus,no-data,1.78267617477681,0.0209073803052478,1.02215719063545E-06
Firmicutes,Bacilli,Lactobacillales,Lactobacillaceae,Pediococcus,Pediococcus_inopinatus,no-data,2.42947931617394,0.0209073803052478,3.6935618729097E-06
Firmicutes,Bacilli,Lactobacillales,Lactobacillaceae,Pediococcus,Pediococcus_parvulus,no-data,2.12617861448972,0.0209073803052478,1.66387959866221E-06
Firmicutes,Bacilli,Lactobacillales,Lactobacillaceae,Pediococcus,Pediococcus_pentosaceus,no-data,0.945567670563554,1.10809115617813,0.00696779211956521
Firmicutes,Bacilli,Lactobacillales,Lactobacillaceae,Pediococcus,Pediococcus_stilesii,no-data,0.77774969957046,0.0209073803052478,2.4247491638796E-07
Firmicutes,Bacilli,Lactobacillales,Lactobacillaceae,Sharpea,Sharpea_azabuensis,no-data,0.33119694687654,7.27576834622622,0.000497944188963211
Firmicutes,Bacilli,Lactobacillales,Leuconostocaceae,Leuconostoc,Leuconostoc_carnosum,no-data,1.06395887389904,0.982646874346644,0.000350854933110368
Firmicutes,Bacilli,Lactobacillales,Leuconostocaceae,Leuconostoc,Leuconostoc_citreum,no-data,0.575347509315719,0.815387831904662,0.000140688754180602
Firmicutes,Bacilli,Lactobacillales,Leuconostocaceae,Leuconostoc,Leuconostoc_gelidum,no-data,1.12960324182302,1.54714614258833,0.000329529682274247
Firmicutes,Bacilli,Lactobacillales,Leuconostocaceae,Leuconostoc,Leuconostoc_kimchii,no-data,0.953260829354671,0.0418147606104955,5.38252508361204E-06
Firmicutes,Bacilli,Lactobacillales,Leuconostocaceae,Leuconostoc,Leuconostoc_lactis,no-data,0.279497199925898,1.25444281831487,0.000533372700668896
Firmicutes,Bacilli,Lactobacillales,Leuconostocaceae,Leuconostoc,Leuconostoc_mesenteroides,no-data,0.770435823855618,5.85406648546937,0.00586780762263099
Firmicutes,Bacilli,Lactobacillales,Leuconostocaceae,Leuconostoc,Leuconostoc_pseudomesenteroides,no-data,0.833732386404702,1.75621994564081,0.000522933389074693
Firmicutes,Bacilli,Lactobacillales,Leuconostocaceae,Leuconostoc,Leuconostoc_suionicum,no-data,0.712848393650552,0.0627221409157433,2.30978260869565E-06
Firmicutes,Bacilli,Lactobacillales,Leuconostocaceae,Weissella,Weissella_cibaria,no-data,0.315475926784001,1.98620112899854,0.00395016156284838
Firmicutes,Bacilli,Lactobacillales,Leuconostocaceae,Weissella,Weissella_confusa,no-data,0.65124847732932,2.21618231235626,0.0057517351414437
Firmicutes,Bacilli,Lactobacillales,Leuconostocaceae,Weissella,Weissella_paramesenteroides,no-data,0.337142476796858,0.0418147606104955,2.9119983277592E-05
Firmicutes,Bacilli,Lactobacillales,Leuconostocaceae,Weissella,Weissella_viridescens,lessabundant,0.820858555813846,0.292703324273469,0.000275275658444816
Firmicutes,Bacilli,Lactobacillales,Streptococcaceae,Lactococcus,Lactococcus_chungangensis,no-data,0.62352035527612,0.125444281831487,2.68882385730212E-06
Firmicutes,Bacilli,Lactobacillales,Streptococcaceae,Lactococcus,Lactococcus_garvieae,non-rhythmic,0.3029711821094,1.44260924106209,0.0200055412834448
Firmicutes,Bacilli,Lactobacillales,Streptococcaceae,Lactococcus,Lactococcus_lactis,no-data,0.416858687056167,20.5519548400585,0.0202152642488852
Firmicutes,Bacilli,Lactobacillales,Streptococcaceae,Lactococcus,Lactococcus_petauri,no-data,0.269257357991282,1.81894208655655,0.0255360137959866
Firmicutes,Bacilli,Lactobacillales,Streptococcaceae,Lactococcus,Lactococcus_piscium,no-data,0.756920320930155,1.58896090319883,0.000426971153846154
Firmicutes,Bacilli,Lactobacillales,Streptococcaceae,Lactococcus,Lactococcus_plantarum,no-data,0.723848720317221,0.0209073803052478,5.08988294314381E-07
Firmicutes,Bacilli,Lactobacillales,Streptococcaceae,Lactococcus,Lactococcus_raffinolactis,no-data,0.607672093179601,0.689943550073176,6.95443143812709E-05
Firmicutes,Bacilli,Lactobacillales,Streptococcaceae,Streptococcus,Streptococcus_agalactiae,no-data,0.44056592534276,0.815387831904662,0.000458351275083612
Firmicutes,Bacilli,Lactobacillales,Streptococcaceae,Streptococcus,Streptococcus_australis,no-data,0.17369941570432,10.9136525193393,0.00239781084268991
Firmicutes,Bacilli,Lactobacillales,Streptococcaceae,Streptococcus,Streptococcus_cristatus,no-data,0.207059073841504,1.42170186075685,0.000184264388238573
Firmicutes,Bacilli,Lactobacillales,Streptococcaceae,Streptococcus,Streptococcus_downei,no-data,0.325932175492461,0.229981183357725,0.000111739130434783
Firmicutes,Bacilli,Lactobacillales,Streptococcaceae,Streptococcus,Streptococcus_equinus,no-data,0.527452536878986,0.125444281831487,0.00173141722408026
Firmicutes,Bacilli,Lactobacillales,Streptococcaceae,Streptococcus,Streptococcus_gallolyticus,no-data,0.403217241555097,0.418147606104955,0.00151903149386845
Firmicutes,Bacilli,Lactobacillales,Streptococcaceae,Streptococcus,Streptococcus_gordonii,no-data,0.294406782433823,9.72193184194021,0.00528771120749721
Firmicutes,Bacilli,Lactobacillales,Streptococcaceae,Streptococcus,Streptococcus_infantarius,no-data,0.452345756369879,1.46351662136734,0.00305352006688963
Firmicutes,Bacilli,Lactobacillales,Streptococcaceae,Streptococcus,Streptococcus_infantis,no-data,0.403897747399739,7.21304620531048,0.00100722858436853
Firmicutes,Bacilli,Lactobacillales,Streptococcaceae,Streptococcus,Streptococcus_lutetiensis,no-data,0.552211811792689,1.77712732594606,0.033695170882107
Firmicutes,Bacilli,Lactobacillales,Streptococcaceae,Streptococcus,Streptococcus_macedonicus,no-data,0.502609245305225,0.501777127325946,0.00472621446488294
Firmicutes,Bacilli,Lactobacillales,Streptococcaceae,Streptococcus,Streptococcus_massiliensis,no-data,0.506871194925597,0.0418147606104955,4.61956521739131E-07
Firmicutes,Bacilli,Lactobacillales,Streptococcaceae,Streptococcus,Streptococcus_mitis,no-data,0.197169603688829,16.7259042441982,0.00222946820842201
Firmicutes,Bacilli,Lactobacillales,Streptococcaceae,Streptococcus,Streptococcus_mutans,no-data,1.08208868278014,8.94835877064604,0.00462963262959866
Firmicutes,Bacilli,Lactobacillales,Streptococcaceae,Streptococcus,Streptococcus_oralis,no-data,0.219124041346498,9.15743257369851,0.00264789898620401
Firmicutes,Bacilli,Lactobacillales,Streptococcaceae,Streptococcus,Streptococcus_parasanguinis,no-data,0.169424743146471,64.6038051432156,0.0793313221389118
Firmicutes,Bacilli,Lactobacillales,Streptococcaceae,Streptococcus,Streptococcus_parauberis,no-data,0.376000548725339,0.0627221409157433,7.08612040133779E-06
Firmicutes,Bacilli,Lactobacillales,Streptococcaceae,Streptococcus,Streptococcus_pasteurianus,no-data,0.514296186917896,0.83629521220991,0.00357763012123745
Firmicutes,Bacilli,Lactobacillales,Streptococcaceae,Streptococcus,Streptococcus_peroris,no-data,0.407604142943256,0.0209073803052478,9.51086956521739E-08
Firmicutes,Bacilli,Lactobacillales,Streptococcaceae,Streptococcus,Streptococcus_pneumoniae,no-data,0.276860999533227,0.104536901526239,1.49879807692308E-05
Firmicutes,Bacilli,Lactobacillales,Streptococcaceae,Streptococcus,Streptococcus_pseudopneumoniae,no-data,0.251834877860434,0.104536901526239,4.57775919732442E-06
Firmicutes,Bacilli,Lactobacillales,Streptococcaceae,Streptococcus,Streptococcus_pyogenes,no-data,0.40677714902608,0.0209073803052478,1.86392140468227E-05
Firmicutes,Bacilli,Lactobacillales,Streptococcaceae,Streptococcus,Streptococcus_salivarius,no-data,0.269065482123033,84.047668827096,0.290335090254993
Firmicutes,Bacilli,Lactobacillales,Streptococcaceae,Streptococcus,Streptococcus_sanguinis,no-data,0.249277087277379,10.4745975329291,0.00305794519927536
Firmicutes,Bacilli,Lactobacillales,Streptococcaceae,Streptococcus,Streptococcus_sinensis,no-data,0.229123350483399,0.522684507631194,7.24832775919732E-05
Firmicutes,Bacilli,Lactobacillales,Streptococcaceae,Streptococcus,Streptococcus_sobrinus,no-data,0.334165017711585,1.69349780472507,0.00214468436454849
Firmicutes,Bacilli,Lactobacillales,Streptococcaceae,Streptococcus,Streptococcus_thermophilus,no-data,0.342013608559344,52.5402467070876,0.329115085697747
Firmicutes,Bacilli,Lactobacillales,Streptococcaceae,Streptococcus,Streptococcus_vestibularis,no-data,0.329281886296748,11.6663182103282,0.0164793429487179
Firmicutes,Clostridia,Clostridiales,Christensenellaceae,Christensenella,Christensenella_minuta,no-data,6,8.19569307965712,0.00117037394948975
Firmicutes,Clostridia,Clostridiales,Clostridiaceae,Alkaliphilus,Alkaliphilus_oremlandii,no-data,2.33616719999484,0.209073803052478,2.23599498327759E-05
Firmicutes,Clostridia,Clostridiales,Clostridiaceae,Butyricicoccus,Butyricicoccus_porcorum,no-data,0.692529365088712,0.083629521220991,7.1383779264214E-05
Firmicutes,Clostridia,Clostridiales,Clostridiaceae,Butyricicoccus,Butyricicoccus_pullicaecorum,no-data,0.72307428377859,0.961739494041397,0.0015902834099777
Firmicutes,Clostridia,Clostridiales,Clostridiaceae,Clostridium,Clostridium_baratii,no-data,1.22376834940163,0.125444281831487,5.10284280936455E-05
Firmicutes,Clostridia,Clostridiales,Clostridiaceae,Clostridium,Clostridium_butyricum,no-data,1.20391604910053,0.250888563662973,0.000532530309364549
Firmicutes,Clostridia,Clostridiales,Clostridiaceae,Clostridium,Clostridium_cadaveris,no-data,2.21419529528887,0.0209073803052478,4.53595317725753E-07
Firmicutes,Clostridia,Clostridiales,Clostridiaceae,Clostridium,Clostridium_celatum,once-rhythmic,1.03800430159416,3.82605059586034,0.00179770554626532
Firmicutes,Clostridia,Clostridiales,Clostridiaceae,Clostridium,Clostridium_disporicum,no-data,1.1808854751418,29.3330545682626,0.0598316258261666
Firmicutes,Clostridia,Clostridiales,Clostridiaceae,Clostridium,Clostridium_neonatale,no-data,3.08164859071873,0.271795943968221,0.000492462897157191
Firmicutes,Clostridia,Clostridiales,Clostridiaceae,Clostridium,Clostridium_paraputrificum,no-data,1.89182922373634,3.07338490487142,0.00165083455267558
Firmicutes,Clostridia,Clostridiales,Clostridiaceae,Clostridium,Clostridium_perfringens,no-data,1.04345452236418,4.05603177921806,0.00964701505016722
Firmicutes,Clostridia,Clostridiales,Clostridiaceae,Hungatella,Hungatella_effluvii,no-data,0.704425833575731,0.0418147606104955,9.92892976588629E-07
Firmicutes,Clostridia,Clostridiales,Clostridiaceae,Hungatella,Hungatella_hathewayi,no-data,1.04700475235185,16.9977001881664,0.0132651873357621
Firmicutes,Clostridia,Clostridiales,Clostridiaceae,Lactonifactor,Lactonifactor_longoviformis,no-data,1.3407112675405,2.48797825632448,0.000338221676421405
Firmicutes,Clostridia,Clostridiales,Clostridiales_Family_XIII_Incertae_Sedis,Mogibacterium,Mogibacterium_diversum,no-data,1.53290604734726,8.13297093874137,0.00163152783584169
Firmicutes,Clostridia,Clostridiales,Clostridiales_Family_XIII_Incertae_Sedis,Mogibacterium,Mogibacterium_pumilum,no-data,1.79704612842285,0.313610704578716,2.90907190635451E-05
Firmicutes,Clostridia,Clostridiales,Clostridiales_Family_XIII_Incertae_Sedis,Mogibacterium,Mogibacterium_timidum,no-data,2.48596156525024,0.564499268241689,3.60179765886288E-05
Firmicutes,Clostridia,Clostridiales,Clostridiales_unclassified,Intestinimonas,Intestinimonas_butyriciproducens,no-data,1.77984304134928,40.5603177921806,0.0277516548260303
Firmicutes,Clostridia,Clostridiales,Clostridiales_unclassified,Monoglobus,Monoglobus_pectinilyticus,no-data,2.4084836154059,17.2694961321346,0.0730421396563129
Firmicutes,Clostridia,Clostridiales,Eubacteriaceae,Anaerofustis,Anaerofustis_stercorihominis,no-data,1.49106566767978,1.08718377587288,0.000138086329431438
Firmicutes,Clostridia,Clostridiales,Eubacteriaceae,Eubacterium,Eubacterium_callanderi,no-data,1.50175791258139,1.60986828350408,0.00100016461120401
Firmicutes,Clostridia,Clostridiales,Eubacteriaceae,Eubacterium,Eubacterium_coprostanoligenes,no-data,1.01604248381109,0.982646874346644,0.00483347408026755
Firmicutes,Clostridia,Clostridiales,Eubacteriaceae,Eubacterium,Eubacterium_limosum,no-data,1.39094356179172,2.71795943968221,0.000893120819397993
Firmicutes,Clostridia,Clostridiales,Eubacteriaceae,Eubacterium,Eubacterium_maltosivorans,no-data,1.33289817778322,0.0627221409157433,1.74205685618729E-05
Firmicutes,Clostridia,Clostridiales,Eubacteriaceae,Eubacterium,Eubacterium_pyruvativorans,no-data,1.04119680995506,0.104536901526239,0.00141884197324414
Firmicutes,Clostridia,Clostridiales,Eubacteriaceae,Eubacterium,Eubacterium_ramulus,no-data,0.849505742862583,81.0788208237508,0.168033403139903
Firmicutes,Clostridia,Clostridiales,Eubacteriaceae,Eubacterium,Eubacterium_ventriosum,no-data,1.12088909239929,66.7781726949613,0.159413644440722
Firmicutes,Clostridia,Clostridiales,Eubacteriaceae,Pseudoramibacter,Pseudoramibacter_alactolyticus,no-data,6,0.0209073803052478,4.19105351170569E-06
Firmicutes,Clostridia,Clostridiales,Hungateiclostridiaceae,Mageeibacillus,Mageeibacillus_indolicus,lessabundant,6,0.773573071294167,0.000313126045150502
Firmicutes,Clostridia,Clostridiales,Lachnospiraceae,Anaerostipes,Anaerostipes_caccae,no-data,1.95215020287776,1.4007944804516,0.000921039402173913
Firmicutes,Clostridia,Clostridiales,Lachnospiraceae,Anaerostipes,Anaerostipes_hadrus,no-data,1.49080644466274,95.107673008572,1.91536696460251
Firmicutes,Clostridia,Clostridiales,Lachnospiraceae,Anaerotignum,Anaerotignum_lactatifermentans,no-data,0.776252409052932,6.16767719004809,0.0149517315745848
Firmicutes,Clostridia,Clostridiales,Lachnospiraceae,Blautia,Blautia_coccoides,no-data,0.864319106338825,3.93058749738658,0.00312548425306577
Firmicutes,Clostridia,Clostridiales,Lachnospiraceae,Blautia,Blautia_hansenii,no-data,0.71996098912166,3.44971775036588,0.00480811589225991
Firmicutes,Clostridia,Clostridiales,Lachnospiraceae,Blautia,Blautia_hydrogenotrophica,no-data,2.40991034524915,12.8789462680326,0.0128872034226573
Firmicutes,Clostridia,Clostridiales,Lachnospiraceae,Blautia,Blautia_obeum,no-data,1.21376085022112,92.4315283295003,0.877289023985299
Firmicutes,Clostridia,Clostridiales,Lachnospiraceae,Blautia,Blautia_producta,no-data,0.896682405651561,5.70771482333264,0.00528878177257525
Firmicutes,Clostridia,Clostridiales,Lachnospiraceae,Blautia,Blautia_wexlerae,no-data,1.07264708689716,94.7940623039933,0.736885448920819
Firmicutes,Clostridia,Clostridiales,Lachnospiraceae,Butyrivibrio,Butyrivibrio_crossotus,no-data,1.02011842051105,16.3286640183985,0.734194277472719
Firmicutes,Clostridia,Clostridiales,Lachnospiraceae,Cellulosilyticum,Cellulosilyticum_lentocellum,no-data,0.595443558751292,0.0418147606104955,6.7621237458194E-06
Firmicutes,Clostridia,Clostridiales,Lachnospiraceae,Coprococcus,Coprococcus_catus,next-prev,0.755210284886124,85.6993518712105,0.38567801611312
Firmicutes,Clostridia,Clostridiales,Lachnospiraceae,Coprococcus,Coprococcus_comes,next-prev,0.998667505108479,89.8181057913444,1.07290172405286
Firmicutes,Clostridia,Clostridiales,Lachnospiraceae,Coprococcus,Coprococcus_eutactus,no-data,0.766131857198871,52.0384695797617,1.09902949752265
Firmicutes,Clostridia,Clostridiales,Lachnospiraceae,Dorea,Dorea_formicigenerans,rhythmic,1.16046398036481,93.079657118963,0.535123578743546
Firmicutes,Clostridia,Clostridiales,Lachnospiraceae,Dorea,Dorea_longicatena,next-ab,0.673416569566947,93.8323228099519,1.6641700296529
Firmicutes,Clostridia,Clostridiales,Lachnospiraceae,Eisenbergiella,Eisenbergiella_massiliensis,no-data,0.92091316810108,13.589797198411,0.0145454572501774
Firmicutes,Clostridia,Clostridiales,Lachnospiraceae,Eisenbergiella,Eisenbergiella_tayi,no-data,1.10208747398458,19.3184194020489,0.026317865275193
Firmicutes,Clostridia,Clostridiales,Lachnospiraceae,Faecalicatena,Faecalicatena_orotica,no-data,0.588528990255575,0.418147606104955,7.84761705685619E-05
Firmicutes,Clostridia,Clostridiales,Lachnospiraceae,Fusicatenibacter,Fusicatenibacter_saccharivorans,next-ab,0.883410825530457,94.94041396613,2.72464715487157
Firmicutes,Clostridia,Clostridiales,Lachnospiraceae,Lachnoanaerobaculum,Lachnoanaerobaculum_saburreum,no-data,2.7624940858049,0.0418147606104955,2.62541806020067E-06
Firmicutes,Clostridia,Clostridiales,Lachnospiraceae,Lachnospira,Lachnospira_pectinoschiza,no-data,0.969491989321986,63.5584361279532,0.896630939550869
Firmicutes,Clostridia,Clostridiales,Lachnospiraceae,Marvinbryantia,Marvinbryantia_formatexigens,lessprevalent,1.55638097938472,0.355425465189212,7.25919732441472E-05
Firmicutes,Clostridia,Clostridiales,Lachnospiraceae,Murimonas,Murimonas_intestini,no-data,1.20007896123706,0.64812878946268,7.67274595875139E-05
Firmicutes,Clostridia,Clostridiales,Lachnospiraceae,Oribacterium,Oribacterium_parvum,no-data,1.59796787735458,0.292703324273469,5.50898829431438E-06
Firmicutes,Clostridia,Clostridiales,Lachnospiraceae,Oribacterium,Oribacterium_sinus,no-data,1.22782657731751,0.480869747020698,1.11042015050167E-05
Firmicutes,Clostridia,Clostridiales,Lachnospiraceae,Roseburia,Roseburia_faecis,rhythmic,0.474256792001466,85.7829813924315,2.46963769356126
Firmicutes,Clostridia,Clostridiales,Lachnospiraceae,Roseburia,Roseburia_hominis,next-prev,0.645129581565279,86.1174994773155,0.365816152076794
Firmicutes,Clostridia,Clostridiales,Lachnospiraceae,Roseburia,Roseburia_intestinalis,no-data,0.782865193247236,75.7474388459126,0.671054702881706
Firmicutes,Clostridia,Clostridiales,Lachnospiraceae,Roseburia,Roseburia_inulinivorans,no-data,0.486816849188147,91.8252143006481,0.796217297370777
Firmicutes,Clostridia,Clostridiales,Lachnospiraceae,Sellimonas,Sellimonas_intestinalis,random,1.56181180595052,12.3144469997909,0.0247043127637761
Firmicutes,Clostridia,Clostridiales,Lachnospiraceae,Shuttleworthia,Shuttleworthia_satelles,no-data,2.44937407435868,0.0209073803052478,2.5940635451505E-06
Firmicutes,Clostridia,Clostridiales,Peptococcaceae,Peptococcus,Peptococcus_niger,no-data,5.10930280836074,0.606314028852185,0.000144518558886765
Firmicutes,Clostridia,Clostridiales,Peptostreptococcaceae,Clostridioides,Clostridioides_difficile,no-data,1.24159384415897,0.209073803052478,6.60117056856187E-05
Firmicutes,Clostridia,Clostridiales,Peptostreptococcaceae,Criibacterium,Criibacterium_bergeronii,no-data,3.33890724750902,0.104536901526239,3.09165969899666E-05
Firmicutes,Clostridia,Clostridiales,Peptostreptococcaceae,Intestinibacter,Intestinibacter_bartlettii,once-rhythmic,1.08086940101177,63.3493623249007,0.131866333803877
Firmicutes,Clostridia,Clostridiales,Peptostreptococcaceae,Paeniclostridium,Paeniclostridium_sordellii,no-data,0.484917946117671,0.271795943968221,0.000538367474916388
Firmicutes,Clostridia,Clostridiales,Peptostreptococcaceae,Paraclostridium,Paraclostridium_bifermentans,no-data,0.645423546759969,0.104536901526239,0.000127752926421405
Firmicutes,Clostridia,Clostridiales,Peptostreptococcaceae,Peptostreptococcus,Peptostreptococcus_anaerobius,no-data,1.07270049834332,2.11164541083002,0.000787196607740086
Firmicutes,Clostridia,Clostridiales,Peptostreptococcaceae,Peptostreptococcus,Peptostreptococcus_stomatis,no-data,0.608576337916703,1.14990591678863,0.00034282504180602
Firmicutes,Clostridia,Clostridiales,Peptostreptococcaceae,Romboutsia,Romboutsia_hominis,no-data,0.479801084035869,0.0418147606104955,1.60117056856187E-06
Firmicutes,Clostridia,Clostridiales,Peptostreptococcaceae,Romboutsia,Romboutsia_ilealis,no-data,0.531008280216356,42.6092410620949,0.00680196266821946
Firmicutes,Clostridia,Clostridiales,Peptostreptococcaceae,Terrisporobacter,Terrisporobacter_othiniensis,no-data,0.735242172158998,0.480869747020698,8.73876463210702E-05
Firmicutes,Clostridia,Clostridiales,Ruminococcaceae,Agathobaculum,Agathobaculum_butyriciproducens,next-prev,0.901289797389894,93.3932678235417,0.419859690844812
Firmicutes,Clostridia,Clostridiales,Ruminococcaceae,Anaerotruncus,Anaerotruncus_colihominis,no-data,5.75207663298852,22.6845076311938,0.00798201460896266
Firmicutes,Clostridia,Clostridiales,Ruminococcaceae,Faecalibacterium,Faecalibacterium_prausnitzii,once-rhythmic,0.426604698210043,99.3727785908426,6.21955471067265
Firmicutes,Clostridia,Clostridiales,Ruminococcaceae,Flavonifractor,Flavonifractor_plautii,no-data,1.32970293329334,70.8551118544846,0.155321920531827
Firmicutes,Clostridia,Clostridiales,Ruminococcaceae,Gemmiger,Gemmiger_formicilis,no-data,0.735659271133092,90.1108091156178,0.25147145034578
Firmicutes,Clostridia,Clostridiales,Ruminococcaceae,Pseudoflavonifractor,Pseudoflavonifractor_capillosus,no-data,0.87021008019785,6.71126907798453,0.000780346920289855
Firmicutes,Clostridia,Clostridiales,Ruminococcaceae,Ruminococcus,Ruminococcus_bicirculans,no-data,1.04065155961967,72.2140915743257,0.933085024766186
Firmicutes,Clostridia,Clostridiales,Ruminococcaceae,Ruminococcus,Ruminococcus_bromii,next-ab,1.40494401287789,73.8657746184403,3.87624171312782
Firmicutes,Clostridia,Clostridiales,Ruminococcaceae,Ruminococcus,Ruminococcus_callidus,non-rhythmic,1.77538417199435,25.6324482542337,0.0231162314539383
Firmicutes,Clostridia,Clostridiales,Ruminococcaceae,Ruthenibacterium,Ruthenibacterium_lactatiformans,no-data,3.27927505013831,85.4275559272423,0.182188964064503
Firmicutes,Clostridia,Clostridiales,Ruminococcaceae,Subdoligranulum,Subdoligranulum_variabile,no-data,0.781020763117706,0.250888563662973,1.04180602006689E-05
Firmicutes,Erysipelotrichia,Erysipelotrichales,Erysipelotrichaceae,Catenibacterium,Catenibacterium_mitsuokai,no-data,0.741708707654783,17.7085511185448,0.176338161406076
Firmicutes,Erysipelotrichia,Erysipelotrichales,Erysipelotrichaceae,Coprobacillus,Coprobacillus_cateniformis,no-data,0.793791887561318,9.91009826468743,0.0202781390655053
Firmicutes,Erysipelotrichia,Erysipelotrichales,Erysipelotrichaceae,Dielma,Dielma_fastidiosa,no-data,0.695752450100664,15.0951285803889,0.00744133982457759
Firmicutes,Erysipelotrichia,Erysipelotrichales,Erysipelotrichaceae,Eggerthia,Eggerthia_catenaformis,no-data,1.79125469200246,0.125444281831487,6.11674331103679E-06
Firmicutes,Erysipelotrichia,Erysipelotrichales,Erysipelotrichaceae,Erysipelothrix,Erysipelothrix_larvae,no-data,0.792934190181661,0.878109972820406,0.00101455633361204
Firmicutes,Erysipelotrichia,Erysipelotrichales,Erysipelotrichaceae,Faecalicoccus,Faecalicoccus_pleomorphus,no-data,4.2002780407782,3.84695797616559,0.00649885817307692
Firmicutes,Erysipelotrichia,Erysipelotrichales,Erysipelotrichaceae,Faecalitalea,Faecalitalea_cylindroides,no-data,1.82229497912383,12.2726322391804,0.0535902210030424
Firmicutes,Erysipelotrichia,Erysipelotrichales,Erysipelotrichaceae,Holdemanella,Holdemanella_biformis,once-rhythmic,0.878353641728982,40.6439473134016,0.315171901868025
Firmicutes,Erysipelotrichia,Erysipelotrichales,Erysipelotrichaceae,Holdemania,Holdemania_filiformis,no-data,1.63484070435964,34.434455362743,0.00791570967518406
Firmicutes,Erysipelotrichia,Erysipelotrichales,Erysipelotrichaceae,Solobacterium,Solobacterium_moorei,once-rhythmic,1.52141935201762,2.13255279113527,0.00165484009197324
Firmicutes,Erysipelotrichia,Erysipelotrichales,Erysipelotrichaceae,Turicibacter,Turicibacter_sanguinis,no-data,0.351032951964965,38.5950240434873,0.0683216302053924
Firmicutes,Limnochordia,Limnochordales,Limnochordaceae,Limnochorda,Limnochorda_pilosa,no-data,4.66734471051996,0.815387831904662,3.73348662207358E-05
Firmicutes,Negativicutes,Acidaminococcales,Acidaminococcaceae,Acidaminococcus,Acidaminococcus_fermentans,no-data,1.09819568037253,1.90257160777755,0.00641420526755852
Firmicutes,Negativicutes,Acidaminococcales,Acidaminococcaceae,Acidaminococcus,Acidaminococcus_intestini,no-data,1.88482456129595,10.8091156178131,0.0978136269459707
Firmicutes,Negativicutes,Acidaminococcales,Acidaminococcaceae,Phascolarctobacterium,Phascolarctobacterium_faecium,no-data,1.90551112893136,34.8944177294585,0.151297999736189
Firmicutes,Negativicutes,Acidaminococcales,Acidaminococcaceae,Phascolarctobacterium,Phascolarctobacterium_succinatutens,no-data,1.15486788659357,21.3882500522684,0.374758042020027
Firmicutes,Negativicutes,Selenomonadales,Selenomonadaceae,Megamonas,Megamonas_funiformis,no-data,1.48784664186198,15.2414802425256,0.0943199656321939
Firmicutes,Negativicutes,Selenomonadales,Selenomonadaceae,Megamonas,Megamonas_hypermegale,no-data,1.9470330484593,12.3980765210119,0.0379826118062191
Firmicutes,Negativicutes,Selenomonadales,Selenomonadaceae,Megamonas,Megamonas_rupellensis,no-data,1.42008480278519,0.439054986410203,0.00361204640468227
Firmicutes,Negativicutes,Selenomonadales,Selenomonadaceae,Mitsuokella,Mitsuokella_jalaludinii,no-data,0.895168730150094,6.69036169767928,0.0126723704013378
Firmicutes,Negativicutes,Selenomonadales,Selenomonadaceae,Mitsuokella,Mitsuokella_multacida,random,1.01531745988658,8.61384068576207,0.0597336158723523
Firmicutes,Negativicutes,Selenomonadales,Selenomonadaceae,Selenomonas,Selenomonas_flueggei,no-data,5.40810134155357,0.0209073803052478,1.65133779264214E-07
Firmicutes,Negativicutes,Selenomonadales,Selenomonadaceae,Selenomonas,Selenomonas_noxia,no-data,6,0.083629521220991,1.2748745819398E-05
Firmicutes,Negativicutes,Selenomonadales,Selenomonadaceae,Selenomonas,Selenomonas_sputigena,no-data,5.3597042089338,0.0209073803052478,1.17683946488294E-06
Firmicutes,Negativicutes,Veillonellales,Veillonellaceae,Allisonella,Allisonella_histaminiformans,no-data,0.810691062278969,15.0114990591679,0.00307420013636725
Firmicutes,Negativicutes,Veillonellales,Veillonellaceae,Anaeroglobus,Anaeroglobus_geminatus,no-data,4.30423809481977,0.146351662136734,1.4496237458194E-05
Firmicutes,Negativicutes,Veillonellales,Veillonellaceae,Dialister,Dialister_invisus,no-data,3.56562939101489,27.3050386786536,0.140030450295402
Firmicutes,Negativicutes,Veillonellales,Veillonellaceae,Dialister,Dialister_micraerophilus,no-data,3.85459241190087,0.397240225799707,0.000268803377329193
Firmicutes,Negativicutes,Veillonellales,Veillonellaceae,Dialister,Dialister_pneumosintes,no-data,1.1810650668827,0.710850930378424,0.000301019544314381
Firmicutes,Negativicutes,Veillonellales,Veillonellaceae,Dialister,Dialister_succinatiphilus,no-data,1.16405672374352,4.99686389295421,0.0542906098453177
Firmicutes,Negativicutes,Veillonellales,Veillonellaceae,Megasphaera,Megasphaera_cerevisiae,no-data,4.0906653232807,0.0627221409157433,5.07713210702341E-05
Firmicutes,Negativicutes,Veillonellales,Veillonellaceae,Megasphaera,Megasphaera_elsdenii,no-data,0.802794783979209,8.50930378423583,0.075615038914437
Firmicutes,Negativicutes,Veillonellales,Veillonellaceae,Megasphaera,Megasphaera_hexanoica,no-data,3.20062300943211,0.209073803052478,1.59928929765886E-05
Firmicutes,Negativicutes,Veillonellales,Veillonellaceae,Megasphaera,Megasphaera_micronuciformis,no-data,3.58677736918556,0.773573071294167,0.00116979306020066
Firmicutes,Negativicutes,Veillonellales,Veillonellaceae,Megasphaera,Megasphaera_stantonii,no-data,1.07609693087362,0.250888563662973,1.67851170568562E-05
Firmicutes,Negativicutes,Veillonellales,Veillonellaceae,Negativicoccus,Negativicoccus_succinicivorans,no-data,4.37939771322701,0.0209073803052478,5.37207357859532E-07
Firmicutes,Negativicutes,Veillonellales,Veillonellaceae,Veillonella,Veillonella_atypica,no-data,1.31420619594137,22.4754338281413,0.0127360640975872
Firmicutes,Negativicutes,Veillonellales,Veillonellaceae,Veillonella,Veillonella_denticariosi,no-data,1.19740360039127,0.209073803052478,3.81814381270903E-05
Firmicutes,Negativicutes,Veillonellales,Veillonellaceae,Veillonella,Veillonella_dispar,no-data,1.94221124540754,23.1862847585198,0.0104728527496055
Firmicutes,Negativicutes,Veillonellales,Veillonellaceae,Veillonella,Veillonella_infantium,no-data,1.85811667686037,15.952331172904,0.00377355585085204
Firmicutes,Negativicutes,Veillonellales,Veillonellaceae,Veillonella,Veillonella_parvula,no-data,1.60395839026948,32.155550909471,0.040073373027335
Firmicutes,Negativicutes,Veillonellales,Veillonellaceae,Veillonella,Veillonella_rodentium,no-data,1.27079645876183,0.397240225799707,4.68384197324415E-05
Firmicutes,Negativicutes,Veillonellales,Veillonellaceae,Veillonella,Veillonella_rogosae,no-data,1.79752676780617,4.55780890654401,0.000343069507485268
Firmicutes,Negativicutes,Veillonellales,Veillonellaceae,Veillonella,Veillonella_seminalis,no-data,1.94411748331224,0.083629521220991,0.0010383131270903
Firmicutes,Negativicutes,Veillonellales,Veillonellaceae,Veillonella,Veillonella_tobetsuensis,no-data,1.60693185879762,2.57160777754547,0.000520304661371238
Firmicutes,Tissierellia,Tissierellales,Peptoniphilaceae,Anaerococcus,Anaerococcus_hydrogenalis,no-data,1.59316821685383,0.0209073803052478,1.13294314381271E-06
Firmicutes,Tissierellia,Tissierellales,Peptoniphilaceae,Anaerococcus,Anaerococcus_lactolyticus,no-data,1.11099951890738,0.292703324273469,0.000141753762541806
Firmicutes,Tissierellia,Tissierellales,Peptoniphilaceae,Anaerococcus,Anaerococcus_octavius,no-data,1.25633186440966,0.0209073803052478,1.47366220735786E-06
Firmicutes,Tissierellia,Tissierellales,Peptoniphilaceae,Anaerococcus,Anaerococcus_tetradius,no-data,1.01184546959417,0.104536901526239,1.34803511705686E-05
Firmicutes,Tissierellia,Tissierellales,Peptoniphilaceae,Anaerococcus,Anaerococcus_vaginalis,no-data,1.76385725896764,2.29981183357725,0.000704845317725752
Firmicutes,Tissierellia,Tissierellales,Peptoniphilaceae,Finegoldia,Finegoldia_magna,no-data,1.7968077718213,3.09429228517667,0.00093129964464883
Firmicutes,Tissierellia,Tissierellales,Peptoniphilaceae,Parvimonas,Parvimonas_micra,no-data,2.8713327100523,2.8015889609032,0.00186533967391304
Firmicutes,Tissierellia,Tissierellales,Peptoniphilaceae,Peptoniphilus,Peptoniphilus_asaccharolyticus,no-data,3.33431432487666,0.0209073803052478,1.39903846153846E-05
Firmicutes,Tissierellia,Tissierellales,Peptoniphilaceae,Peptoniphilus,Peptoniphilus_coxii,no-data,2.88363044976924,0.271795943968221,4.57880434782609E-05
Firmicutes,Tissierellia,Tissierellales,Peptoniphilaceae,Peptoniphilus,Peptoniphilus_duerdenii,no-data,3.75390990108905,0.250888563662973,5.98082148829431E-05
Firmicutes,Tissierellia,Tissierellales,Peptoniphilaceae,Peptoniphilus,Peptoniphilus_grossensis,no-data,1.58613644224928,0.0209073803052478,4.32692307692308E-07
Firmicutes,Tissierellia,Tissierellales,Peptoniphilaceae,Peptoniphilus,Peptoniphilus_harei,no-data,1.89243619824713,0.919924733430901,0.000383674226588629
Firmicutes,Tissierellia,Tissierellales,Peptoniphilaceae,Peptoniphilus,Peptoniphilus_lacrimalis,no-data,3.47839595415291,2.42525611540874,0.00129148299390826
Fusobacteria,Fusobacteriia,Fusobacteriales,Fusobacteriaceae,Cetobacterium,Cetobacterium_somerae,no-data,0.464063471346007,0.146351662136734,0.00121483068561872
Fusobacteria,Fusobacteriia,Fusobacteriales,Fusobacteriaceae,Fusobacterium,Fusobacterium_gonidiaformans,no-data,0.752160902262929,0.731758310683671,0.00121561663879598
Fusobacteria,Fusobacteriia,Fusobacteriales,Fusobacteriaceae,Fusobacterium,Fusobacterium_hwasookii,no-data,1.26142402527681,0.0209073803052478,1.79347826086957E-06
Fusobacteria,Fusobacteriia,Fusobacteriales,Fusobacteriaceae,Fusobacterium,Fusobacterium_mortiferum,no-data,0.764022070909109,2.84340372151369,0.0310179410535117
Fusobacteria,Fusobacteriia,Fusobacteriales,Fusobacteriaceae,Fusobacterium,Fusobacterium_necrogenes,no-data,1.47592952060152,0.0209073803052478,2.46655518394649E-07
Fusobacteria,Fusobacteriia,Fusobacteriales,Fusobacteriaceae,Fusobacterium,Fusobacterium_necrophorum,no-data,2.07584467867507,0.167259042441982,4.8064381270903E-05
Fusobacteria,Fusobacteriia,Fusobacteriales,Fusobacteriaceae,Fusobacterium,Fusobacterium_nucleatum,no-data,1.49067026270284,0.899017353125653,0.00027048674151935
Fusobacteria,Fusobacteriia,Fusobacteriales,Fusobacteriaceae,Fusobacterium,Fusobacterium_periodonticum,no-data,1.53477758342634,0.397240225799707,5.68990384615385E-05
Fusobacteria,Fusobacteriia,Fusobacteriales,Fusobacteriaceae,Fusobacterium,Fusobacterium_ulcerans,no-data,1.23663388075102,0.982646874346644,0.00117400710702341
Fusobacteria,Fusobacteriia,Fusobacteriales,Fusobacteriaceae,Fusobacterium,Fusobacterium_varium,no-data,1.54329610202696,1.08718377587288,0.00245076086956521
Fusobacteria,Fusobacteriia,Fusobacteriales,Leptotrichiaceae,Leptotrichia,Leptotrichia_wadei,no-data,1.3088318936243,0.0209073803052478,5.37207357859532E-07
Lentisphaerae,Lentisphaeria,Victivallales,Victivallaceae,Victivallis,Victivallis_vadensis,no-data,3.07927015719323,17.2276813715241,0.0217156262051772
Planctomycetes,Planctomycetia,Planctomycetales,Isosphaeraceae,Paludisphaera,Paludisphaera_borealis,no-data,5.69658549783256,0.229981183357725,5.93227424749164E-06
Proteobacteria,Alphaproteobacteria,Rhizobiales,Methylobacteriaceae,Methylobacterium,Methylobacterium_radiotolerans,no-data,3.06302987045405,0.0209073803052478,2.98913043478261E-07
Proteobacteria,Alphaproteobacteria,Rhizobiales,Rhizobiaceae,Ensifer,Ensifer_adhaerens,no-data,0.813794175193602,0.0209073803052478,6.27090301003344E-08
Proteobacteria,Alphaproteobacteria,Rhodobacterales,Rhodobacteraceae,Paracoccus,Paracoccus_yeei,no-data,2.01863051408254,0.0209073803052478,5.83403010033445E-06
Proteobacteria,Alphaproteobacteria,Rhodobacterales,Rhodobacteraceae,Salipiger,Salipiger_profundus,no-data,1.74329707180251,0.0209073803052478,1.71195652173913E-06
Proteobacteria,Alphaproteobacteria,Rhodospirillales,Rhodospirillales_unclassified,Enhydrobacter,Enhydrobacter_aerosaccus,no-data,5.84137765219832,0.0418147606104955,8.42809364548495E-06
Proteobacteria,Alphaproteobacteria,Rickettsiales,Rickettsiaceae,Rickettsia,Rickettsia_felis,no-data,5.51409622702723,0.0209073803052478,2.16973244147157E-06
Proteobacteria,Alphaproteobacteria,Sphingomonadales,Sphingomonadaceae,Sphingobium,Sphingobium_yanoikuyae,no-data,1.00021426300914,0.0209073803052478,5.2257525083612E-08
Proteobacteria,Betaproteobacteria,Burkholderiales,Alcaligenaceae,Achromobacter,Achromobacter_xylosoxidans,no-data,0.874835575447892,0.18816642274723,0.000106040969899666
Proteobacteria,Betaproteobacteria,Burkholderiales,Alcaligenaceae,Alcaligenes,Alcaligenes_faecalis,no-data,3.69449290744166,0.0418147606104955,8.57441471571906E-06
Proteobacteria,Betaproteobacteria,Burkholderiales,Burkholderiaceae,Burkholderia,Burkholderia_contaminans,no-data,0.862674327739011,0.0209073803052478,1.19774247491639E-06
Proteobacteria,Betaproteobacteria,Burkholderiales,Burkholderiaceae,Lautropia,Lautropia_mirabilis,no-data,4.31442537806034,0.459962366715451,4.39250627090301E-05
Proteobacteria,Betaproteobacteria,Burkholderiales,Burkholderiaceae,Ralstonia,Ralstonia_pickettii,no-data,1.77935148783008,0.250888563662973,2.21279264214047E-05
Proteobacteria,Betaproteobacteria,Burkholderiales,Comamonadaceae,Comamonas,Comamonas_kerstersii,no-data,0.77213648661936,3.78423583524984,0.0257586517558528
Proteobacteria,Betaproteobacteria,Burkholderiales,Oxalobacteraceae,Oxalobacter,Oxalobacter_formigenes,no-data,4.27952463497005,7.12941668408948,0.00855891364108995
Proteobacteria,Betaproteobacteria,Burkholderiales,Sutterellaceae,Parasutterella,Parasutterella_excrementihominis,no-data,1.61700301546853,54.0664854693707,0.143498091555428
Proteobacteria,Betaproteobacteria,Burkholderiales,Sutterellaceae,Turicimonas,Turicimonas_muris,no-data,1.16705661499368,28.8939995818524,0.0123903551023252
Proteobacteria,Betaproteobacteria,Neisseriales,Neisseriaceae,Eikenella,Eikenella_corrodens,no-data,2.8216565044835,0.125444281831487,1.16649247491639E-05
Proteobacteria,Betaproteobacteria,Neisseriales,Neisseriaceae,Morococcus,Morococcus_cerebrosus,no-data,1.17921385104236,0.0418147606104955,1.42140468227425E-06
Proteobacteria,Betaproteobacteria,Neisseriales,Neisseriaceae,Neisseria,Neisseria_cinerea,no-data,1.36721659028952,0.0209073803052478,2.46098104793757E-07
Proteobacteria,Betaproteobacteria,Neisseriales,Neisseriaceae,Neisseria,Neisseria_elongata,no-data,0.686936090879842,0.083629521220991,3.40091973244147E-06
Proteobacteria,Betaproteobacteria,Neisseriales,Neisseriaceae,Neisseria,Neisseria_flavescens,no-data,1.13283055923835,1.02446163495714,0.000381523680124224
Proteobacteria,Betaproteobacteria,Neisseriales,Neisseriaceae,Neisseria,Neisseria_macacae,no-data,1.3491559454391,0.0209073803052478,1.56772575250836E-07
Proteobacteria,Betaproteobacteria,Neisseriales,Neisseriaceae,Neisseria,Neisseria_mucosa,no-data,1.22984185286516,0.104536901526239,5.82357859531773E-06
Proteobacteria,Betaproteobacteria,Neisseriales,Neisseriaceae,Neisseria,Neisseria_perflava,no-data,1.48519815887894,0.0627221409157433,3.48871237458194E-06
Proteobacteria,Betaproteobacteria,Neisseriales,Neisseriaceae,Neisseria,Neisseria_sicca,no-data,1.38924681915506,0.125444281831487,1.97094481605351E-05
Proteobacteria,Betaproteobacteria,Neisseriales,Neisseriaceae,Neisseria,Neisseria_subflava,no-data,1.32331991745596,0.418147606104955,6.58414954610607E-05
Proteobacteria,Deltaproteobacteria,Desulfovibrionales,Desulfovibrionaceae,Bilophila,Bilophila_wadsworthia,no-data,2.75765182775535,62.1576416475016,0.0441271092224213
Proteobacteria,Deltaproteobacteria,Desulfovibrionales,Desulfovibrionaceae,Desulfovibrio,Desulfovibrio_fairfieldensis,no-data,5.66218978971862,1.52623876228309,0.000692158549331104
Proteobacteria,Deltaproteobacteria,Desulfovibrionales,Desulfovibrionaceae,Desulfovibrio,Desulfovibrio_legallii,no-data,6,0.0418147606104955,1.19147157190635E-05
Proteobacteria,Deltaproteobacteria,Desulfovibrionales,Desulfovibrionaceae,Desulfovibrio,Desulfovibrio_piger,no-data,2.33184296432145,26.3223918043069,0.100561340209888
Proteobacteria,Deltaproteobacteria,Desulfovibrionales,Desulfovibrionaceae,Desulfovibrio,Desulfovibrio_vulgaris,no-data,2.80984567167224,0.0209073803052478,1.186872909699E-05
Proteobacteria,Deltaproteobacteria,Desulfovibrionales,Desulfovibrionaceae,Lawsonia,Lawsonia_intracellularis,no-data,5.99933821084858,0.0209073803052478,5.37207357859532E-07
Proteobacteria,Epsilonproteobacteria,Campylobacterales,Campylobacteraceae,Campylobacter,Campylobacter_coli,no-data,3.174067231804,0.0209073803052478,4.63837792642141E-06
Proteobacteria,Epsilonproteobacteria,Campylobacterales,Campylobacteraceae,Campylobacter,Campylobacter_concisus,lessabundant,3.57370137946793,0.961739494041397,0.000175310695871158
Proteobacteria,Epsilonproteobacteria,Campylobacterales,Campylobacteraceae,Campylobacter,Campylobacter_gracilis,no-data,3.68762033798394,0.125444281831487,3.32483277591973E-05
Proteobacteria,Epsilonproteobacteria,Campylobacterales,Campylobacteraceae,Campylobacter,Campylobacter_hominis,no-data,3.81407295484771,3.07338490487142,0.000682012138676541
Proteobacteria,Epsilonproteobacteria,Campylobacterales,Campylobacteraceae,Campylobacter,Campylobacter_showae,no-data,3.86192698556575,0.0418147606104955,1.96279264214047E-06
Proteobacteria,Epsilonproteobacteria,Campylobacterales,Campylobacteraceae,Campylobacter,Campylobacter_upsaliensis,no-data,5.5937754415584,0.0627221409157433,0.000341571906354515
Proteobacteria,Epsilonproteobacteria,Campylobacterales,Campylobacteraceae,Campylobacter,Campylobacter_ureolyticus,no-data,4.24110930977871,0.459962366715451,7.86307035355948E-05
Proteobacteria,Epsilonproteobacteria,Campylobacterales,Helicobacteraceae,Helicobacter,Helicobacter_bilis,no-data,3.70070331646603,0.0209073803052478,1.78511705685619E-06
Proteobacteria,Epsilonproteobacteria,Campylobacterales,Helicobacteraceae,Helicobacter,Helicobacter_canis,no-data,6,0.0418147606104955,1.02194816053512E-05
Proteobacteria,Epsilonproteobacteria,Campylobacterales,Helicobacteraceae,Helicobacter,Helicobacter_cinaedi,no-data,5.48104890178159,0.083629521220991,0.000344588210702341
Proteobacteria,Epsilonproteobacteria,Campylobacterales,Helicobacteraceae,Helicobacter,Helicobacter_pullorum,no-data,3.83554499773311,0.250888563662973,0.000463957288182832
Proteobacteria,Epsilonproteobacteria,Campylobacterales,Helicobacteraceae,Helicobacter,Helicobacter_pylori,no-data,5.65841605507852,0.0209073803052478,1.8185618729097E-07
Proteobacteria,Epsilonproteobacteria,Campylobacterales,Helicobacteraceae,Helicobacter,Helicobacter_winghamensis,no-data,4.20515777009491,0.0209073803052478,7.19126254180602E-05
Proteobacteria,Gammaproteobacteria,Aeromonadales,Aeromonadaceae,Aeromonas,Aeromonas_caviae,no-data,0.243043813063153,0.209073803052478,0.000511540551839465
Proteobacteria,Gammaproteobacteria,Aeromonadales,Aeromonadaceae,Aeromonas,Aeromonas_dhakensis,no-data,0.213924564933119,0.0209073803052478,8.15217391304348E-07
Proteobacteria,Gammaproteobacteria,Aeromonadales,Aeromonadaceae,Aeromonas,Aeromonas_hydrophila,no-data,0.253136490032683,0.0418147606104955,3.29912207357859E-05
Proteobacteria,Gammaproteobacteria,Aeromonadales,Aeromonadaceae,Aeromonas,Aeromonas_media,no-data,0.272535519456139,0.083629521220991,0.000421670150501672
Proteobacteria,Gammaproteobacteria,Aeromonadales,Aeromonadaceae,Aeromonas,Aeromonas_veronii,no-data,0.479275952853141,0.083629521220991,8.09573578595318E-05
Proteobacteria,Gammaproteobacteria,Aeromonadales,Succinivibrionaceae,Anaerobiospirillum,Anaerobiospirillum_thomasii,no-data,1.05228660338057,4.03512439891282,0.00771034489966555
Proteobacteria,Gammaproteobacteria,Aeromonadales,Succinivibrionaceae,Succinatimonas,Succinatimonas_hippei,no-data,0.859766103439809,2.34162659418775,0.00216266617892976
Proteobacteria,Gammaproteobacteria,Cardiobacteriales,Cardiobacteriaceae,Cardiobacterium,Cardiobacterium_valvarum,no-data,0.31923078352578,0.0209073803052478,1.37959866220736E-07
Proteobacteria,Gammaproteobacteria,Chromatiales,Ectothiorhodospiraceae,Alkalilimnicola,Alkalilimnicola_ehrlichii,no-data,6,0.0209073803052478,3.44899665551839E-07
Proteobacteria,Gammaproteobacteria,Enterobacterales,Enterobacterales_unclassified,Plesiomonas,Plesiomonas_shigelloides,no-data,0.770067668924303,0.167259042441982,0.000139834866220736
Proteobacteria,Gammaproteobacteria,Enterobacterales,Enterobacteriaceae,Atlantibacter,Atlantibacter_hermannii,no-data,1.36363046430982,0.0627221409157433,0.000962060514214047
Proteobacteria,Gammaproteobacteria,Enterobacterales,Enterobacteriaceae,Cedecea,Cedecea_neteri,no-data,1.33448214512824,0.0209073803052478,4.76588628762542E-07
Proteobacteria,Gammaproteobacteria,Enterobacterales,Enterobacteriaceae,Citrobacter,Citrobacter_amalonaticus,lessprevalent,1.20837369675988,0.271795943968221,0.000332405413879599
Proteobacteria,Gammaproteobacteria,Enterobacterales,Enterobacteriaceae,Citrobacter,Citrobacter_braakii,no-data,1.65363335092629,1.14990591678863,0.000622423704013378
Proteobacteria,Gammaproteobacteria,Enterobacterales,Enterobacteriaceae,Citrobacter,Citrobacter_europaeus,no-data,1.47069542310304,0.250888563662973,0.000152610785953177
Proteobacteria,Gammaproteobacteria,Enterobacterales,Enterobacteriaceae,Citrobacter,Citrobacter_farmeri,no-data,1.19594913936871,0.083629521220991,1.9872491638796E-05
Proteobacteria,Gammaproteobacteria,Enterobacterales,Enterobacteriaceae,Citrobacter,Citrobacter_freundii,no-data,1.66812890345272,3.15701442609241,0.00341705597527472
Proteobacteria,Gammaproteobacteria,Enterobacterales,Enterobacteriaceae,Citrobacter,Citrobacter_koseri,no-data,1.16752689110155,0.606314028852185,0.0015334406354515
Proteobacteria,Gammaproteobacteria,Enterobacterales,Enterobacteriaceae,Citrobacter,Citrobacter_pasteurii,no-data,1.33056034234547,0.815387831904662,0.00052568718645485
Proteobacteria,Gammaproteobacteria,Enterobacterales,Enterobacteriaceae,Citrobacter,Citrobacter_portucalensis,no-data,1.77350956797678,1.3589797198411,0.00122132089604236
Proteobacteria,Gammaproteobacteria,Enterobacterales,Enterobacteriaceae,Citrobacter,Citrobacter_werkmanii,no-data,1.40123519602648,0.543591887936442,0.000959448160535117
Proteobacteria,Gammaproteobacteria,Enterobacterales,Enterobacteriaceae,Citrobacter,Citrobacter_youngae,no-data,1.3510549034839,3.17792180639766,0.00266472651895206
Proteobacteria,Gammaproteobacteria,Enterobacterales,Enterobacteriaceae,Cronobacter,Cronobacter_malonaticus,no-data,0.611922097939817,0.0418147606104955,1.97455058528428E-05
Proteobacteria,Gammaproteobacteria,Enterobacterales,Enterobacteriaceae,Cronobacter,Cronobacter_sakazakii,no-data,0.620568233564425,0.313610704578716,0.000264316471571906
Proteobacteria,Gammaproteobacteria,Enterobacterales,Enterobacteriaceae,Cronobacter,Cronobacter_turicensis,no-data,0.507788279812095,0.0209073803052478,9.90802675585285E-07
Proteobacteria,Gammaproteobacteria,Enterobacterales,Enterobacteriaceae,Enterobacter,Enterobacter_bugandensis,no-data,0.906127840033137,0.982646874346644,0.00113547920150501
Proteobacteria,Gammaproteobacteria,Enterobacterales,Enterobacteriaceae,Enterobacter,Enterobacter_mori,no-data,1.02679837566447,1.56805352289358,0.00121602242249807
Proteobacteria,Gammaproteobacteria,Enterobacterales,Enterobacteriaceae,Enterobacter,Enterobacter_soli,no-data,1.75066451572459,0.0209073803052478,2.56751672240803E-05
Proteobacteria,Gammaproteobacteria,Enterobacterales,Enterobacteriaceae,Escherichia,Escherichia_albertii,no-data,2.07031569022248,0.229981183357725,0.000395742056856187
Proteobacteria,Gammaproteobacteria,Enterobacterales,Enterobacteriaceae,Escherichia,Escherichia_fergusonii,lessprevalent,1.86607054065214,0.376332845494459,0.000622989130434783
Proteobacteria,Gammaproteobacteria,Enterobacterales,Enterobacteriaceae,Escherichia,Escherichia_marmotae,no-data,2.47897078064355,0.940832113736149,0.00240563597408026
Proteobacteria,Gammaproteobacteria,Enterobacterales,Enterobacteriaceae,Franconibacter,Franconibacter_helveticus,no-data,0.711496814074241,0.083629521220991,1.15175585284281E-06
Proteobacteria,Gammaproteobacteria,Enterobacterales,Enterobacteriaceae,Klebsiella,Klebsiella_aerogenes,no-data,0.770941574592723,1.04536901526239,0.00324013116638795
Proteobacteria,Gammaproteobacteria,Enterobacterales,Enterobacteriaceae,Klebsiella,Klebsiella_michiganensis,no-data,0.625799590078013,1.67259042441982,0.00493050290968089
Proteobacteria,Gammaproteobacteria,Enterobacterales,Enterobacteriaceae,Klebsiella,Klebsiella_oxytoca,no-data,0.91284514281582,1.42170186075685,0.00129703210512313
Proteobacteria,Gammaproteobacteria,Enterobacterales,Enterobacteriaceae,Klebsiella,Klebsiella_quasipneumoniae,no-data,0.615837258561789,7.69391595233117,0.0233681107555175
Proteobacteria,Gammaproteobacteria,Enterobacterales,Enterobacteriaceae,Klebsiella,Klebsiella_variicola,no-data,0.486523354749737,10.1400794480452,0.0400238774611502
Proteobacteria,Gammaproteobacteria,Enterobacterales,Enterobacteriaceae,Kluyvera,Kluyvera_ascorbata,no-data,1.46274878765549,0.585406648546937,0.000254023829431438
Proteobacteria,Gammaproteobacteria,Enterobacterales,Enterobacteriaceae,Kluyvera,Kluyvera_cryocrescens,no-data,1.63374364214336,0.64812878946268,0.000407130464644052
Proteobacteria,Gammaproteobacteria,Enterobacterales,Enterobacteriaceae,Kluyvera,Kluyvera_georgiana,no-data,1.02143507646357,0.250888563662973,4.68352842809365E-05
Proteobacteria,Gammaproteobacteria,Enterobacterales,Enterobacteriaceae,Kluyvera,Kluyvera_intermedia,no-data,2.54455268372611,0.0209073803052478,8.75836120401338E-07
Proteobacteria,Gammaproteobacteria,Enterobacterales,Enterobacteriaceae,Kosakonia,Kosakonia_cowanii,no-data,1.20279672794455,0.146351662136734,7.22617056856187E-06
Proteobacteria,Gammaproteobacteria,Enterobacterales,Enterobacteriaceae,Kosakonia,Kosakonia_sacchari,no-data,1.52227122407377,0.0209073803052478,5.17976588628763E-06
Proteobacteria,Gammaproteobacteria,Enterobacterales,Enterobacteriaceae,Leclercia,Leclercia_adecarboxylata,no-data,1.05316626752594,0.355425465189212,0.000138216973244147
Proteobacteria,Gammaproteobacteria,Enterobacterales,Enterobacteriaceae,Pluralibacter,Pluralibacter_gergoviae,no-data,0.272850249233477,0.0209073803052478,3.49080267558529E-07
Proteobacteria,Gammaproteobacteria,Enterobacterales,Enterobacteriaceae,Pseudescherichia,Pseudescherichia_vulneris,no-data,0.770122406342375,0.0418147606104955,2.35576923076923E-06
Proteobacteria,Gammaproteobacteria,Enterobacterales,Enterobacteriaceae,Pseudocitrobacter,Pseudocitrobacter_faecalis,no-data,1.28967737357868,0.083629521220991,4.37541806020067E-05
Proteobacteria,Gammaproteobacteria,Enterobacterales,Enterobacteriaceae,Raoultella,Raoultella_ornithinolytica,no-data,0.636455235138482,1.37988710014635,0.000619385451505017
Proteobacteria,Gammaproteobacteria,Enterobacterales,Enterobacteriaceae,Raoultella,Raoultella_planticola,no-data,0.653990710964354,0.397240225799707,0.000120006793478261
Proteobacteria,Gammaproteobacteria,Enterobacterales,Enterobacteriaceae,Superficieibacter,Superficieibacter_electus,no-data,1.04849615352034,0.0209073803052478,3.55351170568562E-08
Proteobacteria,Gammaproteobacteria,Enterobacterales,Enterobacteriaceae,Yokenella,Yokenella_regensburgei,no-data,1.08679128951352,0.0209073803052478,6.67851170568562E-06
Proteobacteria,Gammaproteobacteria,Enterobacterales,Erwiniaceae,Pantoea,Pantoea_agglomerans,no-data,1.20919808826856,0.0209073803052478,2.21571906354515E-07
Proteobacteria,Gammaproteobacteria,Enterobacterales,Erwiniaceae,Pantoea,Pantoea_dispersa,random,0.442860259209333,0.0627221409157433,0.000105240384615385
Proteobacteria,Gammaproteobacteria,Enterobacterales,Hafniaceae,Hafnia,Hafnia_alvei,no-data,1.6531298891102,1.08718377587288,0.00204800283798559
Proteobacteria,Gammaproteobacteria,Enterobacterales,Hafniaceae,Hafnia,Hafnia_paralvei,no-data,1.93595646715158,0.982646874346644,0.00109705100334448
Proteobacteria,Gammaproteobacteria,Enterobacterales,Morganellaceae,Morganella,Morganella_morganii,lessabundant,1.0845884717412,0.376332845494459,0.000142474393812709
Proteobacteria,Gammaproteobacteria,Enterobacterales,Morganellaceae,Proteus,Proteus_hauseri,no-data,1.54067269786493,0.125444281831487,4.15196488294314E-05
Proteobacteria,Gammaproteobacteria,Enterobacterales,Morganellaceae,Proteus,Proteus_mirabilis,no-data,1.25882337772228,0.250888563662973,0.000198079013377926
Proteobacteria,Gammaproteobacteria,Enterobacterales,Morganellaceae,Proteus,Proteus_penneri,no-data,1.38466160088463,0.0418147606104955,1.67224080267559E-06
Proteobacteria,Gammaproteobacteria,Enterobacterales,Morganellaceae,Proteus,Proteus_vulgaris,no-data,1.09557054281178,0.104536901526239,8.12238712374582E-06
Proteobacteria,Gammaproteobacteria,Enterobacterales,Morganellaceae,Providencia,Providencia_alcalifaciens,no-data,1.63181628079958,0.083629521220991,5.50313545150502E-05
Proteobacteria,Gammaproteobacteria,Enterobacterales,Morganellaceae,Providencia,Providencia_rettgeri,no-data,1.55334565186893,0.0209073803052478,1.73494983277592E-07
Proteobacteria,Gammaproteobacteria,Enterobacterales,Yersiniaceae,Rahnella,Rahnella_aquatilis,no-data,0.999319774438219,0.0209073803052478,3.15635451505017E-06
Proteobacteria,Gammaproteobacteria,Enterobacterales,Yersiniaceae,Serratia,Serratia_liquefaciens,no-data,0.983900271262071,0.0418147606104955,5.57148829431438E-05
Proteobacteria,Gammaproteobacteria,Enterobacterales,Yersiniaceae,Serratia,Serratia_marcescens,no-data,0.33082213813326,0.083629521220991,8.11245819397993E-06
Proteobacteria,Gammaproteobacteria,Enterobacterales,Yersiniaceae,Serratia,Serratia_rubidaea,no-data,0.377329639476308,0.0418147606104955,5.26337792642141E-06
Proteobacteria,Gammaproteobacteria,Enterobacterales,Yersiniaceae,Serratia,Serratia_ureilytica,no-data,0.262262317675417,0.0209073803052478,2.6304347826087E-05
Proteobacteria,Gammaproteobacteria,Enterobacterales,Yersiniaceae,Yersinia,Yersinia_enterocolitica,no-data,1.82322048920374,0.0418147606104955,4.10744147157191E-06
Proteobacteria,Gammaproteobacteria,Gammaproteobacteria_unclassified,Gammaproteobacteria_unclassified,Thiohalorhabdus,Thiohalorhabdus_denitrificans,no-data,6,0.0627221409157433,2.36204013377926E-07
Proteobacteria,Gammaproteobacteria,Pasteurellales,Pasteurellaceae,Aggregatibacter,Aggregatibacter_aphrophilus,no-data,1.93380559223537,0.564499268241689,4.94544563226628E-05
Proteobacteria,Gammaproteobacteria,Pasteurellales,Pasteurellaceae,Aggregatibacter,Aggregatibacter_segnis,no-data,2.55469215206767,1.3589797198411,0.00156350491220735
Proteobacteria,Gammaproteobacteria,Pasteurellales,Pasteurellaceae,Haemophilus,Haemophilus_haemolyticus,no-data,1.4619366283263,0.229981183357725,3.49257943143813E-05
Proteobacteria,Gammaproteobacteria,Pasteurellales,Pasteurellaceae,Haemophilus,Haemophilus_influenzae,no-data,1.43406635285584,0.0209073803052478,1.94920568561873E-07
Proteobacteria,Gammaproteobacteria,Pasteurellales,Pasteurellaceae,Haemophilus,Haemophilus_parahaemolyticus,lessabundant,0.973346009593738,0.439054986410203,0.000151627299331104
Proteobacteria,Gammaproteobacteria,Pasteurellales,Pasteurellaceae,Haemophilus,Haemophilus_parainfluenzae,non-rhythmic,1.40010938703583,36.2324900689944,0.0342450603560841
Proteobacteria,Gammaproteobacteria,Pasteurellales,Pasteurellaceae,Haemophilus,Haemophilus_paraphrohaemolyticus,no-data,1.13454451976432,0.64812878946268,0.000429035848662207
Proteobacteria,Gammaproteobacteria,Pasteurellales,Pasteurellaceae,Haemophilus,Haemophilus_pittmaniae,no-data,1.22612428251542,3.47062513067113,0.00128197857939162
Proteobacteria,Gammaproteobacteria,Pasteurellales,Pasteurellaceae,Haemophilus,Haemophilus_sputorum,no-data,1.17884226836824,2.23708969266151,0.00078569380574136
Proteobacteria,Gammaproteobacteria,Pasteurellales,Pasteurellaceae,Pasteurella,Pasteurella_bettyae,no-data,1.68147477504244,0.0209073803052478,1.76421404682274E-06
Proteobacteria,Gammaproteobacteria,Pasteurellales,Pasteurellaceae,Rodentibacter,Rodentibacter_heylii,no-data,1.0605496529372,0.0209073803052478,8.98829431438127E-07
Proteobacteria,Gammaproteobacteria,Pseudomonadales,Moraxellaceae,Acinetobacter,Acinetobacter_johnsonii,no-data,0.724938448459509,0.0627221409157433,6.1747491638796E-06
Proteobacteria,Gammaproteobacteria,Pseudomonadales,Moraxellaceae,Acinetobacter,Acinetobacter_junii,no-data,1.41378516534264,0.0418147606104955,6.64088628762542E-06
Proteobacteria,Gammaproteobacteria,Pseudomonadales,Moraxellaceae,Acinetobacter,Acinetobacter_lwoffii,no-data,0.629129260134234,0.0209073803052478,0.00011006897993311
Proteobacteria,Gammaproteobacteria,Pseudomonadales,Moraxellaceae,Acinetobacter,Acinetobacter_ursingii,no-data,1.25241990348238,0.0209073803052478,5.14882943143813E-05
Proteobacteria,Gammaproteobacteria,Pseudomonadales,Moraxellaceae,Moraxella,Moraxella_osloensis,no-data,1.22262456737149,0.0418147606104955,5.28846153846154E-06
Proteobacteria,Gammaproteobacteria,Pseudomonadales,Pseudomonadaceae,Pseudomonas,Pseudomonas_fragi,no-data,1.00057390440622,0.459962366715451,0.000757601379598662
Proteobacteria,Gammaproteobacteria,Pseudomonadales,Pseudomonadaceae,Pseudomonas,Pseudomonas_helleri,no-data,1.4085095053086,0.0209073803052478,1.06605351170569E-07
Proteobacteria,Gammaproteobacteria,Pseudomonadales,Pseudomonadaceae,Pseudomonas,Pseudomonas_lundensis,no-data,0.834529298445122,0.083629521220991,0.0115431897993311
Proteobacteria,Gammaproteobacteria,Pseudomonadales,Pseudomonadaceae,Pseudomonas,Pseudomonas_weihenstephanensis,no-data,1.72068752321515,0.0209073803052478,0.000296316889632107
Proteobacteria,Gammaproteobacteria,Pseudomonadales,Pseudomonadaceae,Pseudomonas,Pseudomonas_yamanorum,no-data,1.06666723693292,0.104536901526239,0.000142658862876254
Proteobacteria,Gammaproteobacteria,Vibrionales,Vibrionaceae,Vibrio,Vibrio_furnissii,no-data,0.154883693049415,0.0209073803052478,2.40384615384615E-07
Proteobacteria,Gammaproteobacteria,Xanthomonadales,Xanthomonadaceae,Stenotrophomonas,Stenotrophomonas_maltophilia,no-data,2.17671230361019,0.0627221409157433,3.56814381270903E-06
Proteobacteria,Gammaproteobacteria,Xanthomonadales,Xanthomonadaceae,Stenotrophomonas,Stenotrophomonas_rhizophila,lessabundant,2.40793435654541,0.0418147606104955,0.00010131897993311
Spirochaetes,Spirochaetia,Brachyspirales,Brachyspiraceae,Brachyspira,Brachyspira_pilosicoli,lessprevalent,3.45265087916761,0.418147606104955,0.0021741900083612
Spirochaetes,Spirochaetia,Spirochaetales,Spirochaetaceae,Treponema,Treponema_berlinense,no-data,0.58016222164875,0.459962366715451,0.0110942495819398
Spirochaetes,Spirochaetia,Spirochaetales,Spirochaetaceae,Treponema,Treponema_succinifaciens,no-data,1.43557270850672,1.10809115617813,0.00732840719063545
Synergistetes,Synergistia,Synergistales,Synergistaceae,Cloacibacillus,Cloacibacillus_porcorum,no-data,5.62633026800124,3.74242107463935,0.00281882393769831
Synergistetes,Synergistia,Synergistales,Synergistaceae,Fretibacterium,Fretibacterium_fastidiosum,no-data,6,12.1262805770437,0.000503581472927156
Synergistetes,Synergistia,Synergistales,Synergistaceae,Jonquetella,Jonquetella_anthropi,no-data,6,0.0209073803052478,2.28887959866221E-06
Synergistetes,Synergistia,Synergistales,Synergistaceae,Pyramidobacter,Pyramidobacter_piscolens,no-data,4.70210582152186,1.14990591678863,0.000773338210702341
Synergistetes,Synergistia,Synergistales,Synergistaceae,Synergistes,Synergistes_jonesii,no-data,6,0.0418147606104955,4.09698996655518E-06
Tenericutes,Mollicutes,Acholeplasmatales,Acholeplasmataceae,Acholeplasma,Acholeplasma_oculi,no-data,2.06100666384759,0.0627221409157433,1.94607023411371E-06
Tenericutes,Mollicutes,Mycoplasmatales,Mycoplasmataceae,Ureaplasma,Ureaplasma_parvum,no-data,2.7354942819719,0.083629521220991,6.13503344481605E-06
Tenericutes,Mollicutes,Mycoplasmatales,Mycoplasmataceae,Ureaplasma,Ureaplasma_urealyticum,no-data,1.87637574592188,0.0418147606104955,5.74414715719064E-06
Verrucomicrobia,Verrucomicrobiae,Verrucomicrobiales,Akkermansiaceae,Akkermansia,Akkermansia_glycaniphila,no-data,1.71368759499078,0.0418147606104955,0.00519343645484949
Verrucomicrobia,Verrucomicrobiae,Verrucomicrobiales,Akkermansiaceae,Akkermansia,Akkermansia_muciniphila,once-rhythmic,1.47226603683178,59.7742002927033,1.49364533375848
Firmicutes,Bacilli,Lactobacillales,Aerococcaceae,Abiotrophia,Abiotrophia_sp_HMSC24B09,lessprevalent,2.24991872115176,0.209073803052478,NA
Firmicutes,Clostridia,Clostridiales,Clostridiaceae,Clostridium,Clostridium_sp_7_2_43FAA,random,3.57370137946793,0.0627221409157433,NA
Proteobacteria,Deltaproteobacteria,Desulfovibrionales,Desulfovibrionaceae,Desulfovibrio,Desulfovibrio_sp_An276,lessprevalent,2.02669036423524,0.355425465189212,NA
Firmicutes,Clostridia,Clostridiales,Lachnospiraceae,Lachnospiraceae_unclassified,Eubacterium_rectale,next-prev,1.16055226748064,93.7068785281204,NA
Firmicutes,Clostridia,Clostridiales,Eubacteriaceae,Eubacterium,Eubacterium_sp_An11,lessprevalent,0.637149713414085,0.418147606104955,NA
Firmicutes,Firmicutes_unclassified,Firmicutes_unclassified,Firmicutes_unclassified,Firmicutes_unclassified,Firmicutes_bacterium_CAG_83,next-ab,0.735601157542486,80.1170813297094,NA
Firmicutes,Bacilli,Lactobacillales,Lactobacillaceae,Limosilabacillus,Limosilactobacillus_reuteri,non-rhythmic,1.07782650019857,0.501777127325946,NA
Firmicutes,Clostridia,Eubacteriales,Peptostreptococcaceae,Peptatacetobacter,Peptacetobacter_hiranonis,non-rhythmic,0.442860259209333,0.146351662136734,NA
Bacteroidetes,Bacteroidia,Bacteroidales,Bacteroidaceae,Bacteroides,Phocaeicola_dorei,rhythmic,1.114352148661,69.872464980138,NA
Bacteroidetes,Bacteroidia,Bacteroidales,Bacteroidaceae,Bacteroides,Phocaeicola_plebeius,next-ab,1.19577258556129,24.9634120844658,NA
Bacteroidetes,Bacteroidia,Bacteroidales,Bacteroidaceae,Bacteroides,Phocaeicola_vulgatus,rhythmic,0.917319966938345,88.020071085093,NA
Firmicutes,Clostridia,Clostridiales,Lachnospiraceae,Blautia,Ruminococcus_gnavus,rhythmic,0.682929631172063,36.8178967175413,NA
Firmicutes,Clostridia,Clostridiales,Lachnospiraceae,Blautia,Ruminococcus_torques,rhythmic,1.51739191283666,88.1246079866193,NA
Firmicutes,Bacilli,Lactobacillales,Streptococcaceae,Streptococcus,Streptococcus_viridans,lessabundant,0.173903983822772,0.355425465189212,NA
Proteobacteria,Gammaproteobacteria,Gammaproteobacteria_unclassified,Gammaproteobacteria_unclassified,Wohlfahrtiimonas,Wohlfahrtiimonas_sp_G9077,random,0.429112403994201,0.0209073803052478,NA
Bacteroidetes,Bacteroidia,Bacteroidales,Bacteroidaceae,Bacteroides,Bacteroides_acidifaciens,non-rhythmic,1.78633543917788,NA,NA
Bacteroidetes,Bacteroidia,Bacteroidales,Bacteroidaceae,Bacteroides,Bacteroides_koreensis,rhythmic,1.08044660699443,NA,NA
Firmicutes,Clostridia,Eubacteriales,Lachnospiraceae,Kineothrix,Kineothrix_alysoides,once-rhythmic,1.40010938703583,NA,NA
